2	4629098
3	2993374
4	1962900
5	1344316
6	931025
7	719812
8	568302
9	435014
10	343977
11	292516
12	249375
13	217957
14	182937
15	154987
16	140551
17	129837
18	127967
19	108123
20	97508
21	82737
22	86335
23	78355
24	63616
25	58407
26	55529
27	57226
28	48346
29	43285
30	37586
31	34671
32	33961
33	32387
34	29743
35	28532
36	25532
37	24417
38	23683
39	23062
40	23317
41	23596
42	23722
43	23790
44	23626
45	20431
46	19944
47	18940
48	18480
49	18954
50	18042
51	16083
52	15760
53	13894
54	13191
55	13869
56	14297
57	14655
58	14222
59	14000
60	12634
61	11784
62	10663
63	10593
64	9821
65	9864
66	9256
67	8980
68	9064
69	9552
70	8916
71	8913
72	8376
73	8435
74	7942
75	7925
76	8230
77	8396
78	8877
79	9202
80	10062
81	8803
82	8089
83	7795
84	7604
85	7462
86	7317
87	6622
88	6257
89	6229
90	5814
91	5753
92	5153
93	5183
94	5199
95	5146
96	4778
97	4786
98	4568
99	4735
100	4509
101	4688
102	4405
103	4397
104	4503
105	4547
106	4721
107	4357
108	4209
109	4006
110	4103
111	4147
112	4005
113	3995
114	3961
115	3706
116	3641
117	3484
118	3653
119	3669
120	3488
121	3530
122	3563
123	3591
124	3839
125	3972
126	4017
127	3826
128	3403
129	2966
130	2866
131	2673
132	2751
133	2473
134	2528
135	2380
136	2418
137	2342
138	2406
139	2372
140	2473
141	2309
142	2486
143	2218
144	2257
145	2138
146	2215
147	2288
148	2080
149	2287
150	2150
151	2023
152	1892
153	2121
154	2202
155	1943
156	1675
157	1772
158	1710
159	1728
160	1702
161	1613
162	1777
163	1670
164	1668
165	1628
166	1461
167	1519
168	1515
169	1656
170	1729
171	1625
172	1765
173	1678
174	1632
175	1531
176	1531
177	1445
178	1283
179	1430
180	1325
181	1385
182	1316
183	1354
184	1374
185	1381
186	1371
187	1432
188	1363
189	1348
190	1360
191	1282
192	1374
193	1282
194	1193
195	1089
196	1155
197	1152
198	1130
199	1230
200	1248
201	1167
202	1055
203	1020
204	1001
205	1002
206	912
207	911
208	1035
209	1003
210	977
211	945
212	914
213	966
214	905
215	918
216	882
217	992
218	901
219	923
220	928
221	886
222	800
223	825
224	751
225	813
226	820
227	785
228	761
229	769
230	729
231	708
232	774
233	754
234	841
235	747
236	726
237	819
238	817
239	882
240	830
241	890
242	882
243	854
244	819
245	741
246	671
247	804
248	739
249	760
250	650
251	773
252	800
253	756
254	780
255	824
256	803
257	793
258	679
259	775
260	729
261	703
262	751
263	768
264	779
265	724
266	802
267	759
268	779
269	744
270	822
271	800
272	776
273	846
274	762
275	768
276	773
277	807
278	817
279	748
280	642
281	738
282	727
283	704
284	727
285	665
286	673
287	584
288	569
289	581
290	578
291	580
292	562
293	549
294	544
295	543
296	522
297	477
298	531
299	473
300	498
301	451
302	433
303	452
304	435
305	494
306	425
307	438
308	441
309	430
310	412
311	423
312	471
313	446
314	465
315	480
316	494
317	541
318	535
319	495
320	493
321	458
322	387
323	398
324	427
325	438
326	455
327	454
328	426
329	424
330	422
331	387
332	424
333	384
334	409
335	376
336	410
337	404
338	448
339	372
340	405
341	417
342	400
343	373
344	418
345	396
346	423
347	430
348	438
349	404
350	443
351	463
352	435
353	450
354	518
355	484
356	464
357	441
358	406
359	445
360	448
361	446
362	459
363	483
364	432
365	452
366	447
367	421
368	455
369	454
370	410
371	411
372	390
373	448
374	367
375	388
376	333
377	346
378	363
379	339
380	349
381	318
382	310
383	311
384	312
385	326
386	314
387	265
388	296
389	265
390	271
391	258
392	267
393	285
394	290
395	258
396	270
397	259
398	262
399	276
400	289
401	284
402	264
403	270
404	258
405	284
406	298
407	324
408	296
409	311
410	316
411	299
412	320
413	293
414	286
415	277
416	245
417	324
418	299
419	338
420	407
421	419
422	422
423	345
424	324
425	328
426	326
427	334
428	298
429	300
430	299
431	300
432	352
433	337
434	385
435	324
436	319
437	308
438	299
439	339
440	330
441	329
442	352
443	356
444	293
445	347
446	364
447	300
448	312
449	328
450	331
451	308
452	301
453	300
454	298
455	273
456	260
457	246
458	216
459	308
460	251
461	247
462	237
463	247
464	206
465	206
466	237
467	226
468	216
469	230
470	264
471	214
472	217
473	190
474	200
475	226
476	222
477	211
478	204
479	219
480	211
481	225
482	233
483	213
484	214
485	224
486	222
487	239
488	215
489	212
490	205
491	248
492	221
493	218
494	188
495	193
496	168
497	179
498	204
499	194
500	161
501	194
502	188
503	158
504	170
505	163
506	159
507	166
508	168
509	173
510	180
511	166
512	163
513	175
514	181
515	156
516	181
517	153
518	171
519	159
520	192
521	165
522	177
523	181
524	171
525	169
526	159
527	165
528	160
529	173
530	165
531	150
532	156
533	155
534	143
535	159
536	162
537	177
538	149
539	161
540	127
541	153
542	151
543	148
544	167
545	179
546	152
547	158
548	158
549	162
550	134
551	147
552	179
553	169
554	159
555	129
556	161
557	167
558	156
559	166
560	150
561	154
562	157
563	183
564	150
565	142
566	173
567	160
568	134
569	149
570	155
571	152
572	161
573	163
574	127
575	141
576	150
577	133
578	127
579	148
580	138
581	152
582	143
583	175
584	135
585	167
586	176
587	155
588	159
589	177
590	144
591	167
592	149
593	168
594	165
595	164
596	158
597	144
598	156
599	151
600	135
601	141
602	159
603	139
604	144
605	143
606	148
607	145
608	120
609	127
610	135
611	169
612	143
613	121
614	148
615	136
616	143
617	110
618	120
619	133
620	95
621	138
622	126
623	126
624	134
625	118
626	112
627	107
628	135
629	141
630	105
631	141
632	142
633	121
634	144
635	141
636	128
637	134
638	120
639	129
640	125
641	118
642	139
643	144
644	118
645	150
646	151
647	136
648	129
649	124
650	157
651	113
652	105
653	111
654	122
655	129
656	124
657	105
658	127
659	99
660	129
661	108
662	119
663	108
664	112
665	123
666	135
667	112
668	133
669	124
670	131
671	120
672	126
673	132
674	115
675	118
676	109
677	105
678	122
679	107
680	102
681	96
682	109
683	118
684	109
685	111
686	106
687	89
688	105
689	87
690	122
691	89
692	99
693	108
694	89
695	86
696	78
697	81
698	93
699	86
700	75
701	71
702	100
703	82
704	79
705	81
706	75
707	69
708	81
709	85
710	78
711	105
712	90
713	70
714	79
715	82
716	73
717	85
718	74
719	68
720	74
721	92
722	76
723	83
724	74
725	62
726	83
727	79
728	70
729	83
730	80
731	85
732	88
733	84
734	90
735	58
736	68
737	68
738	95
739	78
740	78
741	79
742	74
743	83
744	85
745	92
746	80
747	63
748	65
749	73
750	74
751	67
752	82
753	54
754	61
755	62
756	66
757	65
758	80
759	57
760	66
761	92
762	76
763	64
764	82
765	70
766	61
767	74
768	80
769	71
770	74
771	59
772	84
773	66
774	75
775	69
776	72
777	57
778	64
779	63
780	75
781	67
782	51
783	53
784	70
785	52
786	56
787	65
788	49
789	66
790	59
791	63
792	71
793	63
794	61
795	64
796	71
797	75
798	75
799	67
800	64
801	45
802	75
803	44
804	60
805	72
806	60
807	71
808	59
809	61
810	67
811	61
812	71
813	48
814	55
815	54
816	56
817	64
818	59
819	62
820	54
821	59
822	51
823	54
824	58
825	65
826	56
827	65
828	56
829	71
830	41
831	41
832	34
833	64
834	60
835	57
836	56
837	53
838	50
839	41
840	40
841	52
842	49
843	50
844	48
845	54
846	60
847	62
848	46
849	61
850	35
851	40
852	58
853	51
854	52
855	49
856	55
857	51
858	48
859	46
860	55
861	49
862	50
863	49
864	56
865	53
866	51
867	54
868	58
869	56
870	49
871	55
872	55
873	53
874	51
875	62
876	54
877	53
878	39
879	52
880	53
881	46
882	67
883	58
884	45
885	49
886	49
887	52
888	52
889	45
890	45
891	49
892	42
893	47
894	43
895	45
896	49
897	43
898	46
899	45
900	45
901	54
902	33
903	45
904	53
905	54
906	57
907	32
908	44
909	41
910	40
911	46
912	40
913	43
914	46
915	52
916	41
917	58
918	47
919	33
920	43
921	53
922	51
923	36
924	46
925	48
926	36
927	42
928	53
929	41
930	61
931	38
932	58
933	39
934	43
935	38
936	48
937	45
938	40
939	48
940	47
941	37
942	42
943	40
944	39
945	31
946	33
947	45
948	36
949	41
950	52
951	37
952	45
953	40
954	39
955	45
956	52
957	45
958	33
959	44
960	39
961	56
962	47
963	42
964	38
965	31
966	32
967	46
968	37
969	33
970	34
971	41
972	31
973	35
974	47
975	55
976	31
977	30
978	45
979	43
980	47
981	38
982	26
983	42
984	38
985	41
986	47
987	49
988	35
989	29
990	40
991	31
992	43
993	27
994	35
995	34
996	40
997	45
998	36
999	51
1000	39
1001	38
1002	55
1003	35
1004	37
1005	37
1006	27
1007	62
1008	42
1009	44
1010	54
1011	27
1012	35
1013	44
1014	53
1015	34
1016	36
1017	38
1018	25
1019	41
1020	40
1021	40
1022	39
1023	46
1024	36
1025	44
1026	54
1027	32
1028	39
1029	36
1030	45
1031	42
1032	40
1033	41
1034	35
1035	37
1036	43
1037	40
1038	46
1039	38
1040	33
1041	44
1042	38
1043	40
1044	27
1045	46
1046	43
1047	55
1048	39
1049	43
1050	39
1051	47
1052	40
1053	42
1054	28
1055	44
1056	57
1057	53
1058	35
1059	34
1060	46
1061	40
1062	60
1063	43
1064	44
1065	42
1066	51
1067	37
1068	52
1069	40
1070	61
1071	41
1072	43
1073	47
1074	53
1075	44
1076	44
1077	49
1078	58
1079	54
1080	46
1081	36
1082	44
1083	31
1084	51
1085	51
1086	43
1087	40
1088	32
1089	32
1090	39
1091	43
1092	46
1093	35
1094	41
1095	25
1096	42
1097	33
1098	29
1099	43
1100	40
1101	32
1102	28
1103	42
1104	28
1105	35
1106	40
1107	32
1108	28
1109	33
1110	39
1111	35
1112	30
1113	35
1114	44
1115	37
1116	40
1117	30
1118	27
1119	38
1120	28
1121	31
1122	31
1123	31
1124	39
1125	34
1126	35
1127	36
1128	28
1129	29
1130	35
1131	35
1132	38
1133	25
1134	30
1135	36
1136	26
1137	34
1138	35
1139	31
1140	33
1141	27
1142	38
1143	37
1144	28
1145	26
1146	42
1147	26
1148	31
1149	30
1150	27
1151	33
1152	18
1153	30
1154	42
1155	43
1156	40
1157	44
1158	20
1159	40
1160	36
1161	32
1162	29
1163	40
1164	25
1165	38
1166	28
1167	34
1168	36
1169	32
1170	37
1171	47
1172	30
1173	19
1174	32
1175	25
1176	44
1177	32
1178	28
1179	42
1180	28
1181	28
1182	28
1183	25
1184	36
1185	33
1186	28
1187	24
1188	41
1189	33
1190	30
1191	29
1192	33
1193	30
1194	28
1195	34
1196	38
1197	32
1198	31
1199	32
1200	35
1201	41
1202	30
1203	21
1204	32
1205	37
1206	29
1207	30
1208	32
1209	24
1210	27
1211	48
1212	37
1213	38
1214	23
1215	35
1216	25
1217	25
1218	17
1219	34
1220	25
1221	15
1222	35
1223	30
1224	28
1225	23
1226	28
1227	32
1228	18
1229	30
1230	41
1231	25
1232	28
1233	37
1234	27
1235	21
1236	32
1237	25
1238	30
1239	33
1240	38
1241	30
1242	30
1243	30
1244	33
1245	33
1246	36
1247	22
1248	32
1249	27
1250	29
1251	27
1252	39
1253	31
1254	37
1255	27
1256	23
1257	17
1258	23
1259	18
1260	21
1261	28
1262	24
1263	24
1264	27
1265	25
1266	27
1267	18
1268	26
1269	28
1270	36
1271	18
1272	24
1273	30
1274	35
1275	39
1276	36
1277	23
1278	28
1279	19
1280	28
1281	31
1282	34
1283	26
1284	37
1285	35
1286	24
1287	30
1288	31
1289	27
1290	23
1291	24
1292	36
1293	34
1294	33
1295	23
1296	25
1297	17
1298	22
1299	28
1300	39
1301	29
1302	30
1303	30
1304	26
1305	19
1306	30
1307	27
1308	24
1309	29
1310	26
1311	33
1312	29
1313	28
1314	30
1315	30
1316	25
1317	20
1318	31
1319	22
1320	25
1321	27
1322	20
1323	25
1324	32
1325	23
1326	37
1327	26
1328	25
1329	27
1330	24
1331	28
1332	26
1333	31
1334	17
1335	22
1336	24
1337	35
1338	29
1339	34
1340	38
1341	20
1342	30
1343	33
1344	26
1345	26
1346	23
1347	26
1348	30
1349	36
1350	33
1351	37
1352	33
1353	23
1354	29
1355	21
1356	35
1357	25
1358	26
1359	29
1360	40
1361	33
1362	21
1363	25
1364	24
1365	26
1366	18
1367	18
1368	31
1369	25
1370	17
1371	27
1372	30
1373	24
1374	13
1375	23
1376	26
1377	21
1378	23
1379	15
1380	19
1381	21
1382	12
1383	20
1384	25
1385	34
1386	30
1387	19
1388	19
1389	25
1390	30
1391	28
1392	22
1393	27
1394	23
1395	28
1396	36
1397	22
1398	25
1399	26
1400	22
1401	20
1402	24
1403	18
1404	20
1405	32
1406	18
1407	21
1408	29
1409	27
1410	17
1411	28
1412	18
1413	43
1414	17
1415	32
1416	24
1417	22
1418	28
1419	24
1420	15
1421	25
1422	33
1423	20
1424	23
1425	21
1426	29
1427	31
1428	29
1429	24
1430	17
1431	21
1432	25
1433	21
1434	31
1435	14
1436	30
1437	22
1438	20
1439	24
1440	16
1441	24
1442	14
1443	13
1444	23
1445	29
1446	22
1447	20
1448	15
1449	18
1450	28
1451	24
1452	21
1453	20
1454	19
1455	13
1456	24
1457	33
1458	36
1459	25
1460	29
1461	22
1462	23
1463	23
1464	20
1465	19
1466	21
1467	16
1468	11
1469	20
1470	26
1471	21
1472	31
1473	26
1474	21
1475	20
1476	14
1477	27
1478	24
1479	18
1480	24
1481	25
1482	24
1483	28
1484	15
1485	24
1486	21
1487	21
1488	24
1489	24
1490	24
1491	23
1492	26
1493	32
1494	23
1495	14
1496	19
1497	15
1498	25
1499	22
1500	24
1501	29
1502	14
1503	9
1504	21
1505	22
1506	23
1507	20
1508	17
1509	26
1510	26
1511	28
1512	22
1513	17
1514	21
1515	22
1516	14
1517	21
1518	26
1519	29
1520	22
1521	19
1522	20
1523	17
1524	10
1525	23
1526	14
1527	19
1528	18
1529	19
1530	19
1531	20
1532	30
1533	23
1534	26
1535	23
1536	18
1537	26
1538	28
1539	24
1540	25
1541	35
1542	20
1543	22
1544	25
1545	23
1546	23
1547	28
1548	19
1549	23
1550	19
1551	27
1552	23
1553	22
1554	23
1555	27
1556	18
1557	15
1558	20
1559	22
1560	23
1561	26
1562	16
1563	21
1564	16
1565	28
1566	23
1567	29
1568	16
1569	18
1570	13
1571	19
1572	20
1573	19
1574	18
1575	18
1576	19
1577	17
1578	24
1579	25
1580	18
1581	30
1582	30
1583	26
1584	24
1585	19
1586	19
1587	15
1588	13
1589	25
1590	24
1591	27
1592	22
1593	15
1594	28
1595	26
1596	15
1597	19
1598	17
1599	25
1600	21
1601	36
1602	23
1603	14
1604	21
1605	29
1606	20
1607	15
1608	18
1609	22
1610	17
1611	25
1612	23
1613	14
1614	13
1615	16
1616	8
1617	17
1618	14
1619	10
1620	25
1621	12
1622	21
1623	21
1624	21
1625	13
1626	16
1627	20
1628	14
1629	12
1630	16
1631	15
1632	25
1633	16
1634	14
1635	13
1636	25
1637	19
1638	11
1639	22
1640	14
1641	16
1642	15
1643	24
1644	17
1645	20
1646	27
1647	17
1648	19
1649	13
1650	14
1651	19
1652	14
1653	13
1654	16
1655	15
1656	24
1657	7
1658	13
1659	13
1660	9
1661	13
1662	17
1663	19
1664	21
1665	15
1666	17
1667	17
1668	17
1669	9
1670	18
1671	18
1672	15
1673	26
1674	20
1675	19
1676	15
1677	14
1678	19
1679	21
1680	18
1681	15
1682	18
1683	15
1684	24
1685	18
1686	23
1687	17
1688	25
1689	20
1690	18
1691	18
1692	15
1693	19
1694	21
1695	21
1696	24
1697	21
1698	16
1699	12
1700	27
1701	16
1702	11
1703	17
1704	18
1705	10
1706	10
1707	10
1708	14
1709	14
1710	11
1711	14
1712	11
1713	8
1714	9
1715	9
1716	11
1717	10
1718	17
1719	26
1720	22
1721	8
1722	6
1723	17
1724	4
1725	16
1726	11
1727	21
1728	10
1729	15
1730	8
1731	17
1732	15
1733	16
1734	9
1735	19
1736	10
1737	9
1738	11
1739	16
1740	16
1741	10
1742	13
1743	13
1744	10
1745	12
1746	14
1747	16
1748	14
1749	10
1750	10
1751	11
1752	13
1753	21
1754	15
1755	22
1756	4
1757	14
1758	13
1759	9
1760	9
1761	15
1762	12
1763	12
1764	9
1765	20
1766	21
1767	13
1768	12
1769	5
1770	8
1771	20
1772	15
1773	8
1774	9
1775	11
1776	14
1777	9
1778	12
1779	17
1780	12
1781	18
1782	16
1783	17
1784	4
1785	16
1786	12
1787	15
1788	8
1789	6
1790	18
1791	8
1792	14
1793	15
1794	14
1795	6
1796	14
1797	7
1798	9
1799	9
1800	11
1801	5
1802	12
1803	10
1804	16
1805	7
1806	8
1807	12
1808	17
1809	7
1810	9
1811	5
1812	21
1813	9
1814	16
1815	9
1816	10
1817	10
1818	6
1819	7
1820	6
1821	14
1822	12
1823	8
1824	17
1825	7
1826	15
1827	8
1828	14
1829	18
1830	13
1831	14
1832	6
1833	14
1834	10
1835	16
1836	8
1837	11
1838	10
1839	16
1840	5
1841	9
1842	16
1843	7
1844	13
1845	11
1846	6
1847	17
1848	7
1849	10
1850	9
1851	12
1852	8
1853	8
1854	17
1855	9
1856	16
1857	6
1858	8
1859	13
1860	9
1861	12
1862	8
1863	10
1864	11
1865	12
1866	12
1867	13
1868	14
1869	7
1870	15
1871	15
1872	13
1873	7
1874	3
1875	15
1876	12
1877	7
1878	14
1879	11
1880	15
1881	11
1882	6
1883	7
1884	14
1885	10
1886	15
1887	16
1888	8
1889	13
1890	10
1891	9
1892	6
1893	10
1894	4
1895	9
1896	13
1897	16
1898	11
1899	5
1900	10
1901	7
1902	11
1903	7
1904	11
1905	6
1906	8
1907	5
1908	3
1909	6
1910	13
1911	13
1912	8
1913	10
1914	10
1915	13
1916	6
1917	12
1918	6
1919	9
1920	4
1921	13
1922	7
1923	3
1924	8
1925	14
1926	9
1927	8
1928	8
1929	11
1930	8
1931	10
1932	10
1933	6
1934	11
1935	14
1936	7
1937	9
1938	7
1939	10
1940	4
1941	11
1942	10
1943	7
1944	15
1945	7
1946	8
1947	5
1948	9
1949	9
1950	11
1951	9
1952	6
1953	8
1954	7
1955	5
1956	7
1957	20
1958	9
1959	10
1960	13
1961	8
1962	6
1963	13
1964	13
1965	7
1966	14
1967	5
1968	10
1969	7
1970	8
1971	11
1972	12
1973	4
1974	8
1975	6
1976	13
1977	7
1978	11
1979	6
1980	5
1981	11
1982	12
1983	6
1984	6
1985	8
1986	9
1987	6
1988	12
1989	4
1990	8
1991	12
1992	9
1993	9
1994	6
1995	9
1996	5
1997	3
1998	8
1999	5
2000	5
2001	9
2002	8
2003	11
2004	8
2005	13
2006	6
2007	4
2008	14
2009	8
2010	11
2011	9
2012	16
2013	11
2014	6
2015	10
2016	10
2017	9
2018	4
2019	15
2020	9
2021	5
2022	5
2023	15
2024	13
2025	5
2026	11
2027	5
2028	7
2029	6
2030	11
2031	6
2032	7
2033	5
2034	14
2035	6
2036	10
2037	11
2038	9
2039	6
2040	9
2041	14
2042	7
2043	7
2044	6
2045	7
2046	8
2047	7
2048	8
2049	7
2050	7
2051	5
2052	6
2053	14
2054	8
2055	8
2056	10
2057	17
2058	8
2059	4
2060	7
2061	9
2062	7
2063	3
2064	7
2065	9
2066	7
2067	5
2068	13
2069	12
2070	11
2071	8
2072	13
2073	7
2074	8
2075	7
2076	6
2077	10
2078	7
2079	14
2080	13
2081	9
2082	8
2083	8
2084	8
2085	16
2086	8
2087	11
2088	8
2089	9
2090	12
2091	14
2092	10
2093	19
2094	11
2095	4
2096	5
2097	11
2098	5
2099	16
2100	4
2101	14
2102	16
2103	8
2104	6
2105	16
2106	11
2107	6
2108	18
2109	9
2110	6
2111	11
2112	8
2113	8
2114	11
2115	9
2116	10
2117	8
2118	7
2119	10
2120	8
2121	9
2122	6
2123	12
2124	10
2125	6
2126	13
2127	8
2128	11
2129	8
2130	13
2131	6
2132	12
2133	9
2134	6
2135	7
2136	10
2137	2
2138	9
2139	9
2140	5
2141	7
2142	8
2143	9
2144	11
2145	6
2146	13
2147	3
2148	5
2149	10
2150	12
2151	3
2152	9
2153	4
2154	7
2155	6
2156	3
2157	6
2158	7
2159	13
2160	1
2161	2
2162	9
2163	6
2164	12
2165	6
2166	11
2167	6
2168	8
2169	7
2170	10
2171	4
2172	12
2173	7
2174	7
2175	9
2176	4
2177	5
2178	7
2179	7
2180	5
2181	6
2182	6
2183	7
2184	5
2185	11
2186	8
2187	6
2188	3
2189	2
2190	10
2191	11
2192	9
2193	6
2194	9
2195	5
2196	3
2197	5
2198	8
2199	7
2200	9
2201	8
2202	11
2203	3
2204	2
2205	5
2206	11
2207	4
2208	5
2209	9
2210	5
2211	11
2212	6
2213	4
2214	12
2215	8
2216	9
2217	9
2218	5
2219	9
2220	1
2221	12
2222	5
2223	4
2224	3
2225	7
2226	10
2227	6
2228	9
2229	6
2230	9
2231	6
2232	7
2233	6
2234	5
2235	5
2236	9
2237	2
2238	7
2239	6
2240	6
2241	8
2242	5
2243	6
2244	4
2245	5
2246	12
2247	10
2248	9
2249	8
2250	7
2251	6
2252	11
2253	4
2254	7
2255	12
2256	3
2257	6
2258	4
2259	4
2260	6
2261	6
2262	4
2263	3
2264	4
2265	5
2266	2
2267	8
2268	2
2269	13
2270	3
2271	12
2272	7
2273	9
2274	4
2275	9
2276	6
2277	5
2278	13
2279	8
2280	4
2281	7
2282	7
2283	8
2284	6
2285	6
2286	10
2287	11
2288	2
2289	7
2290	4
2291	4
2292	6
2293	6
2294	5
2295	5
2296	5
2297	2
2298	6
2299	13
2300	6
2301	6
2302	8
2303	7
2304	4
2305	8
2306	4
2307	5
2308	10
2309	9
2310	9
2311	8
2312	6
2313	9
2314	5
2315	4
2316	5
2317	5
2318	7
2319	5
2320	8
2321	10
2322	5
2323	10
2324	8
2325	10
2326	2
2327	7
2328	13
2329	3
2330	6
2331	6
2332	3
2333	2
2334	11
2335	3
2336	3
2337	4
2338	6
2339	2
2340	2
2341	4
2342	9
2343	5
2344	9
2345	4
2346	7
2347	8
2348	6
2349	4
2350	3
2351	7
2352	9
2353	3
2354	5
2355	8
2356	5
2357	7
2358	5
2359	1
2360	4
2361	5
2362	4
2363	7
2364	10
2365	8
2366	6
2367	8
2368	8
2369	5
2370	7
2371	5
2372	6
2373	4
2374	4
2375	2
2376	6
2377	7
2378	7
2379	1
2380	5
2381	4
2382	4
2383	2
2384	9
2385	6
2386	11
2387	3
2388	9
2389	8
2390	4
2391	8
2392	3
2393	6
2394	1
2395	6
2396	4
2397	1
2398	6
2399	3
2400	8
2401	6
2402	6
2403	6
2404	7
2405	2
2406	3
2407	3
2408	6
2409	9
2410	3
2411	7
2412	4
2413	9
2414	2
2415	4
2416	3
2417	3
2418	7
2419	10
2420	4
2421	1
2422	7
2423	9
2424	1
2425	7
2426	3
2427	3
2428	2
2429	6
2430	3
2431	6
2432	5
2433	4
2434	7
2435	6
2436	4
2437	6
2438	4
2439	15
2440	5
2441	3
2442	7
2443	2
2444	6
2445	5
2446	4
2447	3
2448	10
2449	7
2450	5
2451	1
2452	5
2453	9
2454	1
2455	4
2456	7
2457	5
2458	6
2459	2
2460	4
2461	9
2462	7
2463	5
2464	8
2465	9
2466	5
2467	7
2468	3
2469	2
2470	5
2471	7
2472	14
2473	10
2474	7
2475	8
2476	13
2477	9
2478	4
2479	6
2480	8
2481	2
2482	4
2483	5
2484	4
2485	12
2486	8
2487	3
2488	6
2489	4
2490	4
2491	7
2492	4
2493	5
2494	5
2495	3
2496	8
2497	9
2498	2
2499	4
2500	2
2501	3
2502	11
2503	5
2504	5
2505	3
2506	9
2507	6
2508	1
2509	5
2510	4
2511	3
2512	5
2513	3
2514	5
2515	7
2516	3
2517	5
2518	1
2519	4
2520	5
2521	6
2522	1
2523	5
2524	9
2525	7
2526	4
2527	4
2528	5
2529	2
2530	5
2531	7
2532	5
2533	3
2534	4
2535	3
2536	7
2537	9
2538	3
2539	3
2540	3
2541	1
2542	9
2543	2
2544	2
2545	3
2546	9
2547	8
2548	7
2549	4
2550	8
2551	1
2552	4
2553	4
2554	4
2555	4
2556	4
2557	5
2558	10
2560	5
2561	7
2562	7
2563	6
2564	6
2565	2
2566	3
2567	4
2568	5
2569	8
2570	2
2571	4
2572	2
2573	9
2574	4
2575	4
2576	8
2577	3
2578	10
2579	5
2580	3
2581	5
2582	3
2583	6
2584	5
2585	4
2586	3
2587	6
2588	10
2589	5
2590	5
2591	2
2592	4
2593	4
2594	1
2595	4
2596	3
2597	3
2598	3
2599	7
2600	3
2601	3
2602	5
2603	2
2604	4
2605	2
2606	6
2607	2
2608	9
2609	8
2610	8
2611	6
2612	5
2613	1
2614	7
2615	2
2616	14
2617	3
2618	6
2619	3
2620	8
2621	3
2622	5
2623	6
2624	3
2625	3
2626	2
2627	3
2628	7
2629	2
2630	6
2631	4
2633	4
2634	6
2635	3
2636	6
2637	4
2638	7
2639	7
2640	1
2641	3
2642	5
2643	3
2645	3
2646	5
2647	1
2648	5
2649	9
2650	1
2651	2
2652	6
2653	3
2654	7
2655	6
2656	5
2657	10
2658	5
2659	1
2660	4
2661	3
2663	7
2664	2
2665	2
2666	7
2667	7
2668	2
2669	4
2670	4
2671	5
2672	5
2673	2
2675	7
2676	4
2677	1
2678	5
2679	9
2680	3
2681	3
2682	1
2683	4
2684	5
2685	6
2686	3
2687	4
2688	5
2689	4
2690	3
2691	5
2692	6
2693	3
2694	6
2695	1
2697	4
2698	4
2699	5
2700	5
2701	5
2702	4
2703	2
2704	4
2705	4
2706	4
2707	2
2708	6
2709	4
2710	3
2711	6
2712	10
2713	2
2714	2
2715	3
2716	1
2717	2
2718	3
2719	1
2720	4
2721	5
2722	2
2723	3
2724	2
2725	1
2726	4
2727	4
2728	1
2729	2
2730	3
2731	4
2732	3
2733	4
2734	6
2735	3
2736	5
2737	8
2738	4
2739	1
2740	2
2741	3
2742	4
2743	6
2744	4
2745	3
2746	5
2747	8
2748	2
2749	9
2750	1
2751	7
2752	4
2753	6
2754	3
2755	4
2756	3
2757	9
2758	4
2759	5
2760	6
2761	2
2762	3
2763	6
2764	2
2765	3
2766	4
2767	4
2768	2
2769	6
2770	2
2771	6
2772	5
2773	7
2774	4
2775	5
2776	1
2777	1
2778	6
2779	1
2781	1
2782	4
2783	1
2784	5
2785	3
2786	5
2787	4
2788	1
2789	4
2791	4
2792	5
2793	2
2794	2
2795	5
2796	5
2797	7
2798	3
2800	3
2801	6
2802	2
2803	4
2804	2
2805	1
2806	4
2807	3
2808	1
2809	2
2810	2
2811	2
2812	3
2813	5
2814	5
2815	6
2816	4
2817	3
2818	4
2819	1
2820	2
2821	4
2822	6
2823	2
2824	2
2825	5
2826	3
2827	1
2828	2
2830	4
2831	4
2832	3
2833	4
2834	6
2836	2
2837	4
2838	7
2839	2
2840	3
2841	8
2842	9
2843	3
2844	5
2846	5
2847	3
2848	7
2849	3
2850	2
2851	3
2852	7
2853	5
2854	1
2855	3
2856	2
2857	4
2858	4
2859	5
2860	2
2861	2
2862	2
2863	1
2864	2
2865	3
2866	4
2867	1
2868	4
2869	6
2870	1
2871	3
2872	3
2873	4
2874	5
2875	2
2876	7
2877	1
2878	4
2880	2
2881	2
2882	4
2883	4
2884	7
2885	2
2886	2
2888	10
2889	1
2890	1
2891	6
2892	3
2893	3
2894	2
2895	8
2896	7
2897	2
2898	5
2899	1
2900	6
2901	5
2902	6
2903	3
2904	4
2905	5
2906	2
2907	4
2908	5
2909	2
2910	10
2911	3
2912	7
2913	2
2914	5
2915	5
2916	3
2917	4
2918	2
2919	3
2920	2
2921	2
2922	4
2923	4
2924	2
2925	3
2926	2
2927	4
2928	6
2929	2
2930	8
2931	5
2932	1
2933	2
2934	3
2935	5
2936	1
2937	4
2938	1
2939	2
2940	1
2941	5
2942	4
2943	3
2944	7
2945	2
2946	5
2947	3
2948	3
2949	2
2950	5
2951	5
2952	4
2953	2
2954	1
2955	2
2956	3
2957	2
2958	3
2959	6
2960	2
2964	3
2965	4
2966	3
2967	3
2968	2
2969	3
2970	3
2971	2
2972	3
2973	3
2974	3
2975	2
2977	1
2978	3
2979	3
2980	4
2981	7
2982	2
2983	5
2984	5
2985	6
2986	6
2987	3
2988	4
2989	6
2990	4
2991	6
2992	2
2994	4
2995	5
2996	5
2997	2
2998	2
2999	5
3000	5
3001	5
3002	2
3003	2
3004	1
3005	3
3006	3
3007	3
3009	4
3010	3
3011	3
3012	7
3013	3
3014	1
3015	2
3016	4
3017	4
3018	1
3019	3
3020	2
3021	4
3023	2
3024	4
3025	3
3026	1
3027	2
3028	2
3030	2
3031	4
3032	3
3033	8
3034	2
3035	5
3036	1
3037	3
3038	5
3039	3
3040	1
3042	5
3043	3
3044	6
3045	4
3046	3
3047	5
3048	2
3049	3
3050	4
3051	7
3052	3
3053	3
3054	3
3056	5
3057	2
3058	2
3059	2
3060	3
3061	1
3062	1
3064	4
3065	5
3066	1
3067	4
3068	1
3069	2
3070	1
3071	4
3072	3
3073	2
3074	2
3075	6
3077	3
3078	1
3079	4
3080	4
3081	4
3082	8
3083	4
3084	3
3085	3
3086	2
3087	6
3088	2
3089	1
3090	3
3094	3
3096	3
3097	2
3098	2
3099	1
3100	1
3101	5
3102	5
3104	3
3105	3
3106	3
3107	6
3108	2
3109	3
3110	5
3111	1
3112	1
3113	3
3115	1
3116	3
3117	1
3119	4
3120	1
3121	4
3122	8
3123	3
3125	1
3126	2
3127	2
3128	1
3129	3
3130	4
3131	4
3132	2
3133	4
3134	2
3135	3
3136	1
3137	3
3138	3
3139	5
3140	3
3141	6
3142	6
3143	3
3144	2
3146	3
3147	3
3148	3
3149	1
3151	1
3152	4
3153	2
3154	3
3155	5
3156	6
3157	1
3158	5
3160	6
3161	1
3162	4
3163	1
3164	6
3165	5
3166	1
3167	2
3168	1
3170	5
3171	5
3172	5
3173	3
3174	1
3175	2
3176	2
3177	5
3178	2
3179	2
3180	3
3181	2
3182	3
3183	1
3184	3
3185	3
3186	3
3187	3
3188	4
3189	4
3190	1
3191	6
3192	2
3193	8
3194	2
3195	3
3196	4
3197	2
3198	6
3199	3
3200	2
3202	3
3203	2
3204	4
3206	2
3207	1
3208	2
3209	2
3210	3
3211	3
3212	4
3213	1
3214	2
3215	3
3216	7
3217	1
3218	2
3219	5
3220	4
3221	4
3222	4
3223	1
3224	3
3226	1
3227	3
3228	3
3229	1
3231	3
3232	2
3233	2
3236	4
3237	5
3238	4
3239	6
3240	2
3241	1
3242	1
3243	2
3244	5
3245	3
3246	3
3247	3
3248	4
3249	3
3250	4
3251	5
3252	2
3253	4
3254	1
3256	2
3257	2
3258	6
3259	5
3260	5
3261	1
3262	2
3263	2
3264	3
3265	1
3266	5
3267	3
3268	5
3269	3
3270	1
3271	5
3272	4
3273	7
3274	7
3275	2
3276	2
3277	5
3278	7
3279	2
3280	2
3282	1
3283	3
3284	5
3285	2
3286	2
3287	7
3288	3
3289	3
3290	1
3291	2
3292	2
3293	2
3295	2
3296	5
3297	12
3298	2
3299	4
3300	3
3301	1
3302	5
3303	3
3304	3
3305	2
3306	2
3307	2
3308	4
3309	1
3310	1
3311	2
3312	4
3314	5
3316	2
3317	2
3318	2
3319	1
3321	3
3322	2
3323	2
3324	1
3325	3
3326	1
3327	1
3328	2
3329	5
3330	3
3331	2
3332	1
3335	5
3336	4
3337	3
3338	3
3339	4
3340	4
3341	3
3342	2
3343	6
3344	6
3345	2
3346	2
3347	2
3348	3
3349	2
3350	3
3351	2
3352	1
3353	3
3354	2
3355	3
3356	3
3358	2
3359	2
3360	1
3361	1
3362	2
3363	6
3364	4
3365	1
3366	4
3367	6
3368	2
3369	4
3370	6
3371	9
3372	6
3373	4
3374	3
3375	5
3376	4
3377	2
3378	2
3379	4
3382	2
3383	3
3384	3
3385	2
3386	8
3387	3
3388	4
3389	1
3390	2
3391	3
3392	2
3393	2
3394	3
3395	2
3396	2
3397	1
3398	1
3399	3
3400	1
3401	4
3402	1
3403	1
3404	5
3405	3
3406	1
3407	1
3408	3
3409	4
3410	1
3411	4
3412	3
3413	3
3414	2
3415	3
3416	1
3417	1
3418	1
3421	1
3422	5
3423	4
3424	1
3425	1
3426	4
3427	4
3428	1
3430	4
3431	2
3432	6
3433	1
3434	4
3435	4
3436	2
3437	3
3439	3
3440	2
3441	2
3442	2
3443	6
3444	2
3446	2
3447	2
3448	2
3449	2
3451	5
3452	2
3453	1
3454	1
3455	4
3456	1
3458	1
3459	3
3460	1
3461	4
3462	2
3463	6
3464	5
3465	1
3466	2
3467	2
3468	4
3469	3
3470	2
3471	1
3473	5
3474	8
3475	2
3476	5
3477	3
3479	4
3480	2
3482	3
3483	1
3484	2
3485	1
3486	3
3487	2
3488	2
3489	4
3490	2
3491	3
3493	5
3495	1
3498	3
3499	2
3500	3
3501	1
3502	1
3503	2
3504	1
3505	3
3506	1
3507	2
3508	2
3509	2
3510	1
3512	1
3514	4
3515	3
3516	2
3517	5
3518	5
3519	1
3520	1
3523	3
3524	2
3525	4
3526	1
3527	4
3528	1
3529	3
3530	1
3531	6
3532	2
3533	2
3534	2
3536	5
3537	3
3538	1
3539	3
3540	3
3541	4
3543	1
3545	2
3546	1
3547	1
3548	4
3549	3
3550	1
3551	6
3552	2
3554	1
3555	4
3556	4
3557	2
3558	4
3559	1
3560	6
3561	4
3562	7
3563	1
3564	3
3565	1
3566	3
3567	1
3568	5
3570	2
3571	3
3572	3
3573	2
3574	7
3575	4
3576	1
3577	1
3578	1
3579	2
3581	4
3582	1
3584	4
3585	4
3586	3
3587	5
3588	4
3589	2
3590	2
3591	3
3592	5
3593	3
3594	2
3595	3
3596	2
3597	2
3598	1
3599	1
3600	2
3601	3
3602	1
3603	4
3604	1
3605	1
3606	5
3607	2
3608	1
3609	2
3610	4
3612	5
3613	1
3614	1
3615	1
3616	3
3617	4
3618	2
3619	2
3620	5
3621	4
3622	1
3623	1
3624	4
3625	3
3626	2
3627	1
3628	3
3629	4
3631	4
3632	2
3633	3
3634	3
3635	2
3636	1
3637	4
3638	4
3639	3
3640	3
3642	4
3644	2
3645	5
3646	3
3647	3
3648	1
3649	2
3650	2
3651	5
3652	4
3653	6
3654	1
3655	1
3656	2
3657	1
3658	4
3659	3
3660	2
3661	1
3663	1
3664	2
3665	3
3666	2
3667	3
3668	1
3669	4
3670	3
3672	2
3673	3
3674	3
3675	6
3676	2
3677	2
3678	2
3679	2
3680	2
3681	1
3682	1
3684	2
3685	1
3686	2
3687	2
3688	4
3689	6
3690	3
3691	1
3693	2
3695	1
3696	2
3697	3
3698	2
3700	3
3701	2
3702	2
3703	4
3704	4
3705	2
3706	6
3707	5
3708	2
3710	2
3711	3
3712	5
3713	1
3714	2
3715	1
3716	4
3717	2
3718	5
3721	2
3722	1
3723	5
3724	2
3725	1
3726	1
3727	2
3728	2
3730	2
3731	6
3732	3
3733	2
3734	1
3735	4
3736	2
3737	1
3738	4
3739	3
3740	3
3741	2
3742	2
3743	4
3744	3
3745	4
3746	1
3747	4
3748	3
3749	3
3750	2
3751	3
3752	2
3753	3
3754	4
3756	1
3757	3
3758	6
3759	1
3760	1
3761	3
3762	2
3763	2
3764	4
3765	4
3766	1
3767	2
3768	2
3770	1
3771	4
3772	4
3773	2
3774	1
3776	3
3777	4
3778	4
3779	1
3780	3
3781	2
3782	2
3783	2
3784	3
3786	4
3787	4
3788	2
3789	2
3790	2
3791	3
3792	4
3793	1
3796	2
3797	3
3798	4
3799	1
3800	1
3801	4
3802	6
3803	1
3805	2
3806	4
3807	2
3808	1
3809	2
3810	3
3811	4
3812	1
3813	2
3814	6
3815	3
3816	1
3817	5
3818	3
3819	2
3820	4
3821	2
3822	3
3823	2
3824	1
3825	2
3826	1
3827	1
3828	6
3829	2
3830	1
3831	4
3832	3
3833	1
3834	2
3836	3
3837	4
3839	3
3841	3
3842	3
3844	1
3845	4
3846	3
3847	3
3848	1
3849	1
3850	4
3851	6
3852	4
3853	2
3854	4
3855	3
3856	1
3857	3
3858	3
3859	7
3860	5
3861	3
3862	7
3863	2
3864	5
3865	3
3866	3
3868	2
3869	3
3870	2
3871	2
3872	3
3874	2
3875	4
3876	5
3877	4
3878	3
3879	5
3880	2
3881	2
3882	3
3883	6
3884	2
3885	3
3886	2
3887	3
3888	4
3889	5
3890	2
3891	3
3892	1
3893	1
3894	2
3895	2
3896	3
3897	1
3898	2
3899	5
3900	1
3901	1
3902	3
3903	2
3904	4
3905	5
3906	1
3907	3
3908	3
3910	3
3911	5
3912	3
3913	2
3914	1
3915	3
3916	3
3917	2
3918	3
3919	3
3920	4
3921	1
3922	5
3923	3
3924	3
3925	4
3926	5
3927	2
3928	4
3929	3
3930	4
3931	1
3932	2
3933	3
3934	1
3935	9
3936	3
3937	2
3938	3
3939	2
3940	1
3941	5
3942	3
3943	4
3944	1
3945	2
3946	2
3947	2
3948	6
3949	1
3950	2
3951	5
3952	4
3953	3
3954	4
3955	2
3956	4
3957	2
3959	3
3960	3
3961	1
3963	6
3964	2
3965	1
3966	4
3967	4
3968	4
3969	4
3970	1
3971	1
3972	2
3973	1
3975	4
3976	3
3977	2
3978	3
3979	3
3980	3
3981	1
3982	1
3983	2
3984	1
3985	2
3986	1
3987	1
3988	4
3989	1
3990	2
3991	5
3992	4
3993	2
3994	4
3995	4
3996	6
3997	4
3998	4
3999	1
4000	2
4001	1
4003	2
4004	3
4005	4
4006	2
4007	2
4009	3
4010	3
4011	3
4012	2
4013	2
4015	2
4016	2
4017	1
4018	1
4019	2
4020	4
4021	2
4022	3
4023	3
4024	6
4025	2
4026	5
4027	3
4028	3
4030	5
4031	2
4032	3
4033	1
4034	3
4036	1
4037	3
4038	1
4039	2
4040	1
4041	2
4042	1
4044	2
4045	1
4046	1
4047	1
4048	2
4049	1
4050	2
4051	1
4052	1
4053	1
4054	2
4055	5
4056	2
4057	3
4058	3
4060	4
4061	1
4062	1
4063	3
4065	3
4066	2
4067	4
4068	1
4069	4
4070	2
4071	1
4072	1
4073	2
4074	1
4075	2
4076	1
4077	2
4078	1
4079	2
4081	3
4082	2
4083	3
4084	1
4086	7
4087	2
4088	1
4089	2
4090	1
4091	3
4092	1
4094	1
4095	4
4096	3
4098	2
4099	1
4100	2
4101	4
4102	1
4103	2
4104	2
4106	2
4107	1
4108	2
4110	2
4112	2
4113	6
4114	2
4116	1
4117	1
4118	2
4119	1
4121	1
4122	1
4124	3
4126	2
4127	1
4129	4
4130	2
4131	1
4132	2
4137	3
4138	1
4139	7
4141	2
4142	3
4143	5
4144	2
4146	2
4147	2
4149	1
4151	2
4152	2
4153	1
4155	1
4156	3
4157	1
4158	4
4159	6
4160	2
4161	1
4162	1
4163	4
4164	3
4165	6
4166	1
4167	1
4168	2
4169	1
4171	5
4172	2
4173	2
4174	2
4175	1
4177	1
4178	3
4179	1
4180	4
4183	2
4184	1
4186	1
4187	1
4188	2
4189	7
4190	2
4192	2
4193	3
4194	1
4195	2
4196	2
4199	5
4200	1
4201	4
4203	2
4204	1
4205	1
4206	3
4207	1
4209	3
4210	1
4211	2
4212	2
4213	5
4214	2
4216	1
4217	1
4218	1
4219	5
4220	2
4221	4
4222	3
4223	1
4224	1
4225	2
4226	2
4228	2
4229	3
4230	1
4231	1
4232	1
4233	2
4234	1
4235	2
4236	1
4237	1
4239	1
4240	3
4242	2
4245	1
4246	1
4247	1
4248	2
4249	1
4250	1
4252	2
4253	1
4254	2
4256	2
4257	3
4258	2
4259	1
4260	1
4261	5
4262	2
4263	1
4265	1
4266	1
4267	1
4268	1
4269	1
4271	2
4272	4
4273	3
4274	5
4275	3
4276	1
4278	2
4279	3
4280	1
4282	2
4283	1
4284	3
4285	1
4286	1
4287	2
4288	1
4289	3
4290	1
4291	2
4293	3
4294	1
4295	1
4296	2
4297	1
4298	3
4299	8
4300	1
4301	2
4302	3
4303	1
4304	3
4305	2
4306	1
4307	6
4308	3
4309	1
4310	1
4312	2
4314	1
4315	2
4318	4
4321	1
4322	2
4323	3
4324	3
4325	2
4326	2
4327	2
4328	2
4329	3
4330	3
4331	1
4332	2
4334	1
4337	5
4338	3
4340	2
4341	2
4342	1
4343	2
4344	2
4345	1
4346	1
4348	3
4350	1
4352	2
4353	2
4355	1
4356	2
4359	2
4363	2
4364	1
4367	2
4368	3
4369	1
4370	1
4371	1
4372	1
4373	2
4376	1
4377	5
4378	1
4379	1
4381	2
4382	2
4383	2
4384	2
4385	4
4390	3
4391	1
4392	1
4393	2
4394	3
4396	1
4397	5
4399	2
4401	3
4402	2
4404	1
4405	1
4408	3
4409	2
4412	1
4413	1
4414	1
4415	3
4417	5
4419	3
4420	1
4421	2
4422	2
4423	1
4424	1
4425	1
4427	2
4428	3
4429	2
4430	2
4432	3
4433	1
4434	1
4435	3
4436	1
4437	1
4438	2
4439	1
4440	4
4441	1
4443	1
4444	1
4445	2
4446	2
4447	1
4448	1
4449	2
4451	2
4452	1
4453	2
4455	2
4456	2
4458	1
4459	2
4460	4
4463	1
4464	1
4465	2
4467	2
4468	1
4470	1
4471	1
4474	2
4475	3
4477	2
4478	2
4480	2
4481	2
4482	2
4483	1
4484	1
4485	3
4487	3
4488	1
4489	2
4490	2
4491	1
4492	1
4493	1
4494	1
4495	1
4496	2
4497	1
4498	2
4499	1
4500	2
4502	1
4504	1
4505	3
4506	1
4509	1
4511	1
4513	1
4514	3
4516	1
4519	1
4521	1
4522	4
4523	1
4524	3
4525	2
4526	2
4527	1
4528	1
4529	2
4530	2
4531	2
4533	5
4535	3
4537	1
4538	1
4539	3
4540	5
4542	3
4543	1
4544	1
4545	4
4546	2
4548	1
4551	2
4553	1
4554	1
4555	3
4557	2
4558	3
4559	1
4561	1
4563	1
4564	2
4565	1
4566	1
4567	2
4569	3
4570	1
4571	1
4573	2
4574	1
4575	3
4578	1
4579	2
4580	1
4581	2
4582	1
4583	2
4586	2
4588	2
4590	3
4591	2
4592	1
4593	3
4594	2
4598	1
4599	1
4600	2
4601	1
4602	1
4603	2
4604	1
4605	1
4607	3
4609	1
4610	1
4611	1
4612	3
4613	1
4615	1
4616	4
4620	1
4621	1
4622	2
4624	1
4625	2
4626	2
4627	1
4629	2
4630	3
4632	1
4633	1
4634	1
4636	1
4638	1
4639	3
4640	6
4641	3
4642	1
4645	2
4647	2
4649	3
4654	2
4655	1
4656	2
4657	3
4658	2
4660	6
4661	2
4662	1
4664	1
4669	1
4671	1
4672	4
4677	2
4678	2
4680	6
4681	2
4682	3
4683	1
4684	2
4685	3
4686	3
4688	3
4689	1
4690	2
4691	1
4692	2
4693	3
4696	3
4699	1
4700	2
4701	1
4702	2
4703	2
4704	3
4705	1
4707	1
4708	1
4709	3
4714	3
4716	1
4717	3
4718	3
4719	1
4720	4
4721	1
4724	2
4726	3
4727	1
4728	1
4729	2
4730	2
4731	3
4732	1
4733	2
4734	2
4736	3
4741	3
4742	3
4744	5
4745	1
4746	4
4750	1
4751	1
4753	1
4754	1
4755	1
4756	1
4757	3
4758	1
4762	2
4763	1
4765	1
4766	1
4767	1
4768	1
4770	1
4774	1
4775	1
4776	3
4777	2
4778	1
4779	1
4782	1
4783	1
4784	2
4785	2
4788	2
4791	1
4792	4
4794	1
4795	1
4797	1
4799	1
4800	1
4801	2
4802	4
4803	3
4804	1
4805	3
4806	2
4807	1
4810	1
4812	2
4813	1
4815	1
4817	1
4819	2
4820	1
4821	1
4822	1
4823	1
4824	1
4825	1
4827	2
4829	1
4830	3
4833	1
4835	5
4836	2
4837	1
4839	2
4841	2
4842	1
4844	2
4845	2
4846	2
4848	1
4849	2
4850	3
4851	1
4852	3
4853	1
4855	4
4856	3
4857	1
4858	1
4859	1
4862	3
4863	1
4864	1
4865	2
4866	1
4867	1
4868	3
4869	2
4870	3
4873	1
4875	2
4877	1
4879	2
4880	2
4881	1
4882	3
4884	1
4886	2
4888	2
4890	2
4891	1
4893	2
4894	2
4896	2
4899	3
4900	2
4901	1
4902	3
4903	1
4904	1
4905	1
4906	3
4907	4
4908	2
4911	1
4913	1
4914	1
4915	1
4918	7
4919	2
4920	2
4923	2
4924	4
4925	2
4926	1
4927	1
4928	1
4929	1
4931	1
4932	2
4933	1
4934	1
4938	1
4939	2
4940	1
4941	1
4942	3
4943	3
4945	3
4946	1
4951	1
4953	1
4954	1
4956	3
4957	4
4959	1
4961	1
4965	1
4966	1
4967	1
4968	1
4970	3
4972	1
4973	3
4974	1
4975	1
4976	3
4978	2
4979	2
4980	1
4985	1
4989	6
4991	1
4994	1
4995	2
4996	2
4997	1
4998	1
4999	1
5000	2
5001	2
5003	1
5004	3
5005	1
5006	1
5007	2
5009	1
5011	2
5012	3
5013	1
5014	1
5016	2
5017	3
5018	1
5019	2
5021	4
5023	5
5024	4
5025	1
5026	1
5027	2
5028	3
5029	2
5031	3
5032	2
5033	1
5034	3
5040	3
5044	3
5045	2
5046	2
5047	1
5048	2
5050	2
5051	1
5052	1
5053	1
5054	1
5055	2
5056	2
5058	3
5059	2
5061	2
5063	2
5064	1
5065	1
5068	1
5071	1
5072	1
5073	2
5075	1
5081	4
5083	1
5084	2
5086	2
5087	3
5088	3
5089	1
5090	2
5091	2
5094	3
5095	4
5096	2
5098	1
5099	3
5100	2
5101	2
5102	1
5104	1
5106	1
5112	1
5114	1
5115	1
5117	3
5120	2
5121	1
5122	4
5123	1
5124	4
5125	2
5126	2
5127	1
5128	4
5129	3
5130	3
5131	1
5132	1
5133	1
5134	2
5135	1
5136	3
5137	2
5140	1
5141	2
5144	2
5146	1
5147	1
5148	2
5150	1
5152	2
5154	1
5155	2
5156	2
5157	2
5158	3
5159	1
5162	1
5164	3
5165	2
5166	2
5168	1
5169	1
5170	1
5173	1
5177	2
5178	1
5179	3
5181	1
5182	1
5184	2
5185	1
5186	1
5188	1
5191	2
5193	1
5194	1
5195	2
5197	1
5198	2
5200	1
5203	3
5204	1
5205	2
5206	1
5207	1
5209	1
5211	1
5212	3
5213	3
5214	2
5215	1
5216	1
5218	1
5221	2
5222	2
5223	2
5224	1
5226	1
5229	2
5230	2
5231	1
5232	1
5233	4
5234	2
5236	2
5237	2
5238	3
5239	2
5240	1
5241	2
5242	2
5243	1
5244	1
5245	1
5246	2
5247	2
5250	1
5254	1
5256	2
5257	2
5260	3
5261	2
5262	1
5263	1
5266	3
5267	5
5268	2
5269	1
5270	1
5271	2
5274	4
5275	3
5277	1
5278	2
5279	3
5280	2
5281	2
5284	2
5285	2
5287	1
5289	2
5291	1
5292	1
5293	1
5294	1
5295	4
5296	1
5298	4
5300	1
5303	1
5306	1
5307	1
5308	1
5311	4
5313	1
5314	1
5317	1
5318	6
5320	3
5321	2
5322	1
5325	3
5326	1
5328	1
5330	1
5331	2
5333	1
5334	2
5335	1
5336	3
5337	1
5339	1
5340	1
5344	4
5345	3
5347	1
5350	1
5351	1
5352	1
5355	1
5358	4
5360	2
5362	1
5366	1
5367	1
5368	1
5369	1
5370	2
5371	2
5372	1
5374	2
5376	2
5377	2
5379	1
5380	1
5381	1
5384	1
5385	2
5387	1
5389	1
5390	2
5391	1
5392	2
5394	1
5396	1
5397	2
5398	3
5399	1
5400	2
5401	1
5403	3
5404	1
5406	1
5409	3
5410	1
5414	3
5417	1
5418	1
5419	1
5420	2
5421	5
5422	1
5424	2
5427	1
5428	2
5429	1
5430	1
5432	1
5433	1
5436	1
5437	1
5440	1
5443	1
5445	1
5449	2
5453	1
5455	1
5457	1
5461	1
5464	1
5466	6
5467	1
5469	3
5470	1
5472	1
5473	1
5478	2
5480	1
5482	1
5483	1
5484	1
5485	2
5486	3
5488	4
5489	2
5493	3
5496	1
5497	2
5498	1
5500	3
5502	1
5503	1
5504	3
5505	1
5506	1
5508	1
5509	1
5510	3
5511	2
5512	2
5514	1
5517	1
5518	1
5519	1
5520	3
5521	3
5522	2
5525	2
5526	2
5528	2
5532	2
5533	1
5535	1
5536	1
5537	3
5540	1
5545	1
5546	1
5547	1
5549	2
5550	3
5553	2
5555	4
5556	1
5557	1
5559	2
5561	1
5562	5
5563	2
5564	3
5565	1
5567	1
5569	2
5572	2
5574	1
5577	3
5583	2
5584	1
5585	1
5586	2
5587	2
5588	2
5589	1
5591	1
5592	1
5594	1
5595	1
5596	2
5597	1
5599	2
5601	2
5605	1
5606	3
5607	1
5609	2
5614	3
5618	1
5619	1
5620	1
5622	1
5625	1
5626	4
5628	1
5629	1
5630	2
5632	1
5634	1
5635	3
5636	1
5637	1
5638	2
5640	1
5641	1
5642	2
5644	2
5645	1
5646	1
5648	1
5650	1
5652	4
5653	3
5654	2
5656	1
5657	1
5658	3
5659	1
5661	1
5662	1
5665	4
5672	4
5674	2
5677	3
5678	1
5681	3
5683	1
5684	2
5687	2
5688	1
5693	2
5695	1
5696	2
5697	2
5702	1
5703	1
5704	1
5705	2
5706	1
5707	1
5708	1
5709	2
5712	1
5713	1
5714	1
5715	1
5716	1
5717	3
5718	1
5719	1
5720	2
5722	1
5725	1
5726	1
5729	2
5731	1
5733	1
5734	1
5736	1
5737	1
5738	1
5739	1
5740	3
5742	1
5747	1
5751	1
5754	1
5755	1
5756	2
5757	2
5759	2
5760	2
5763	3
5765	3
5770	1
5771	1
5772	1
5774	3
5776	1
5777	1
5778	2
5782	1
5787	2
5788	2
5790	1
5791	1
5794	2
5797	1
5798	1
5799	1
5800	1
5801	2
5802	3
5804	2
5805	1
5808	2
5809	4
5811	2
5813	1
5815	4
5817	2
5818	1
5819	1
5821	2
5824	1
5827	2
5828	1
5831	2
5832	1
5834	1
5835	1
5836	1
5838	1
5840	2
5842	1
5843	1
5845	1
5846	1
5850	1
5852	2
5853	1
5855	1
5857	2
5858	1
5859	1
5861	1
5864	2
5865	1
5867	2
5868	1
5870	4
5872	3
5877	2
5878	1
5880	1
5900	1
5903	1
5905	1
5907	1
5908	3
5910	1
5911	2
5912	2
5913	1
5914	2
5915	3
5916	1
5918	2
5919	2
5920	2
5921	2
5924	1
5925	1
5926	2
5931	1
5936	1
5940	1
5941	3
5942	1
5943	1
5944	1
5946	4
5949	1
5950	3
5951	1
5956	1
5958	1
5960	1
5961	1
5962	3
5964	1
5967	1
5969	1
5972	1
5973	1
5975	1
5981	1
5984	1
5987	2
5990	2
5991	1
5992	2
5994	1
5995	1
5996	1
5998	3
6000	1
6001	2
6002	1
6003	1
6006	1
6007	1
6008	1
6009	1
6010	1
6011	1
6012	2
6013	1
6015	2
6016	1
6017	2
6018	1
6019	1
6022	2
6023	4
6024	1
6025	1
6026	1
6027	1
6032	1
6035	2
6036	1
6040	2
6041	2
6043	1
6045	3
6047	2
6049	1
6050	1
6051	1
6053	1
6054	2
6064	1
6065	3
6066	1
6067	1
6069	1
6070	1
6071	1
6072	1
6073	1
6074	1
6075	1
6076	2
6078	1
6081	1
6082	1
6084	2
6090	1
6092	1
6093	2
6095	1
6098	1
6100	1
6101	2
6102	2
6103	2
6104	1
6107	2
6109	1
6112	1
6115	3
6116	1
6118	1
6120	1
6122	1
6125	1
6129	1
6131	2
6136	1
6137	3
6138	1
6140	1
6141	1
6142	1
6143	1
6145	1
6146	1
6151	1
6152	1
6153	2
6154	2
6157	1
6158	1
6162	1
6166	1
6169	1
6172	1
6173	1
6175	1
6179	1
6180	2
6182	1
6183	1
6184	1
6187	1
6188	4
6190	1
6191	1
6192	1
6196	1
6197	3
6198	1
6199	2
6200	3
6206	4
6207	2
6209	1
6211	3
6213	1
6217	1
6218	1
6219	1
6221	1
6224	1
6225	1
6227	1
6228	1
6229	2
6231	2
6235	1
6236	1
6238	1
6241	2
6243	1
6246	1
6248	1
6250	1
6251	2
6253	1
6254	1
6257	1
6258	1
6268	1
6269	1
6271	2
6275	3
6277	1
6280	1
6281	1
6283	1
6288	1
6289	1
6290	1
6293	1
6295	1
6298	1
6302	2
6306	2
6308	5
6312	2
6314	1
6315	1
6316	1
6318	2
6321	1
6322	1
6326	3
6327	1
6331	1
6334	2
6336	2
6344	1
6345	2
6346	1
6347	1
6350	1
6353	2
6354	1
6359	3
6361	2
6363	1
6367	3
6370	1
6371	1
6372	1
6373	1
6375	2
6377	2
6380	1
6381	2
6387	1
6388	1
6390	2
6392	1
6394	1
6395	1
6399	1
6400	1
6404	1
6405	1
6407	1
6410	3
6412	1
6416	1
6418	1
6420	1
6422	1
6426	2
6432	3
6433	1
6434	1
6436	4
6438	1
6439	1
6442	1
6447	2
6448	2
6449	1
6455	2
6456	1
6462	2
6463	1
6465	1
6467	1
6468	1
6470	6
6471	3
6475	1
6476	1
6479	1
6482	2
6483	1
6484	1
6485	1
6486	1
6487	1
6489	1
6490	1
6492	2
6497	2
6499	1
6501	1
6505	1
6508	1
6510	1
6511	2
6514	2
6515	1
6520	1
6521	1
6528	1
6533	1
6535	1
6536	1
6537	1
6542	1
6544	2
6548	1
6550	1
6551	2
6553	2
6554	1
6559	1
6561	2
6563	1
6564	1
6565	1
6566	2
6571	2
6574	1
6576	1
6586	2
6587	1
6588	1
6592	2
6594	2
6595	1
6600	1
6602	3
6603	1
6608	1
6610	2
6614	1
6616	1
6622	1
6625	3
6626	1
6630	1
6631	1
6635	1
6637	1
6639	1
6640	1
6641	2
6643	1
6644	4
6646	1
6648	1
6655	2
6657	1
6658	2
6661	1
6665	1
6666	2
6668	1
6669	2
6670	2
6677	1
6680	1
6681	3
6682	1
6683	2
6684	2
6685	1
6692	3
6693	2
6694	1
6695	2
6696	1
6699	1
6701	1
6702	1
6703	2
6705	1
6707	1
6708	1
6709	1
6711	2
6713	1
6714	2
6718	1
6719	1
6720	1
6721	2
6724	1
6725	1
6726	2
6728	1
6731	2
6732	1
6736	1
6739	1
6740	1
6744	2
6748	1
6752	2
6755	2
6756	1
6758	1
6759	1
6761	1
6762	1
6763	1
6765	1
6767	1
6770	3
6771	1
6772	2
6773	1
6775	1
6779	2
6782	1
6788	1
6790	1
6792	2
6795	1
6797	1
6798	1
6799	1
6801	1
6804	1
6806	1
6807	2
6808	2
6809	3
6810	1
6812	2
6813	1
6820	1
6824	1
6825	1
6827	1
6828	3
6832	1
6833	3
6836	1
6842	2
6845	2
6847	2
6848	1
6851	2
6853	4
6854	1
6855	2
6857	1
6858	2
6859	2
6860	2
6864	1
6865	2
6866	1
6867	1
6868	1
6873	1
6876	2
6877	1
6881	1
6884	1
6888	1
6893	1
6896	3
6907	1
6911	1
6918	2
6919	2
6922	1
6924	2
6925	2
6926	1
6928	2
6932	2
6937	1
6938	1
6941	1
6942	1
6943	1
6947	2
6948	1
6950	1
6952	1
6953	2
6957	1
6960	1
6961	1
6965	2
6967	2
6968	1
6970	2
6972	1
6975	2
6976	1
6977	1
6979	1
6980	1
6981	2
6984	1
6985	2
6992	1
6998	1
7000	2
7004	2
7008	1
7010	1
7013	5
7014	1
7015	1
7017	1
7018	1
7021	1
7025	2
7028	1
7030	1
7031	1
7032	1
7035	2
7039	1
7040	1
7041	1
7042	2
7043	3
7044	1
7045	5
7047	1
7052	2
7053	1
7054	1
7055	1
7057	1
7058	1
7060	1
7065	2
7066	2
7067	2
7068	2
7073	1
7076	2
7077	2
7078	1
7079	2
7081	1
7085	2
7090	1
7091	1
7092	4
7095	2
7096	1
7097	1
7099	1
7100	1
7103	2
7108	2
7110	1
7112	1
7116	2
7118	1
7120	3
7126	3
7130	1
7136	1
7139	1
7140	1
7144	1
7145	1
7152	1
7153	1
7154	1
7155	1
7157	4
7159	1
7161	1
7162	2
7164	2
7166	1
7168	1
7176	2
7177	1
7181	1
7190	1
7191	1
7192	1
7194	1
7199	1
7201	3
7202	1
7205	1
7206	2
7208	1
7209	2
7214	1
7226	1
7227	1
7231	1
7241	1
7242	1
7246	1
7255	1
7256	1
7257	1
7260	3
7263	1
7264	1
7265	2
7267	1
7274	1
7276	1
7278	1
7282	1
7284	1
7287	1
7289	1
7290	1
7291	1
7299	1
7303	1
7305	2
7308	1
7309	1
7313	1
7314	2
7319	2
7320	1
7325	1
7329	1
7335	1
7339	1
7349	1
7358	1
7359	1
7362	2
7365	1
7366	3
7367	1
7368	1
7371	1
7373	1
7378	1
7379	2
7380	1
7382	3
7383	1
7384	1
7387	1
7389	1
7390	1
7393	2
7396	1
7400	1
7401	1
7402	1
7409	1
7411	1
7416	2
7418	1
7420	1
7422	1
7423	2
7424	1
7426	1
7430	1
7435	1
7436	1
7439	1
7440	3
7441	1
7442	1
7447	2
7448	1
7449	3
7451	2
7454	1
7457	2
7458	1
7463	1
7465	1
7467	1
7470	1
7474	1
7478	1
7480	1
7487	1
7494	1
7495	1
7496	1
7498	1
7502	1
7503	1
7504	2
7506	1
7507	1
7509	2
7510	1
7511	1
7519	2
7520	1
7521	1
7524	2
7525	2
7528	1
7537	1
7544	1
7548	1
7549	1
7550	1
7553	2
7556	1
7558	2
7559	1
7560	1
7561	1
7565	2
7579	1
7584	2
7586	1
7589	4
7595	1
7596	1
7602	2
7603	3
7604	1
7611	1
7617	1
7620	1
7621	2
7623	1
7624	1
7625	1
7627	1
7633	1
7642	3
7645	1
7649	1
7656	1
7657	2
7658	1
7659	1
7660	1
7661	2
7663	1
7665	1
7667	1
7668	1
7670	2
7672	2
7673	1
7674	1
7675	2
7676	2
7683	1
7692	1
7699	2
7701	1
7709	1
7710	1
7712	4
7713	1
7714	1
7718	2
7720	1
7722	2
7724	1
7729	1
7732	2
7733	1
7736	1
7739	1
7741	1
7742	1
7743	1
7745	1
7748	1
7751	1
7754	1
7755	1
7756	1
7759	1
7763	1
7765	1
7768	1
7770	1
7772	1
7773	1
7774	1
7776	1
7778	2
7780	1
7781	2
7786	1
7790	2
7793	2
7796	1
7798	3
7799	2
7800	3
7802	1
7803	1
7804	1
7805	1
7806	1
7809	2
7811	1
7813	3
7816	2
7817	1
7818	1
7820	2
7822	1
7823	3
7827	1
7829	1
7831	1
7835	1
7836	2
7840	1
7842	2
7843	1
7846	1
7847	1
7850	1
7851	2
7853	1
7859	1
7867	3
7872	1
7879	1
7886	1
7888	1
7890	1
7891	1
7896	1
7897	1
7899	2
7903	1
7905	1
7908	1
7910	1
7917	1
7926	1
7927	2
7930	1
7931	1
7937	1
7938	1
7941	1
7944	1
7945	1
7947	2
7949	1
7953	1
7955	1
7956	1
7957	3
7960	2
7961	2
7962	1
7964	2
7968	1
7969	4
7975	2
7977	2
7981	1
7990	2
7992	1
7993	2
7994	3
7998	2
7999	2
8003	1
8004	1
8009	1
8014	1
8017	1
8018	1
8021	1
8022	1
8027	1
8029	1
8034	2
8039	2
8043	1
8045	3
8049	1
8052	2
8053	1
8055	1
8057	2
8058	1
8062	1
8067	1
8071	1
8073	1
8075	1
8076	1
8077	1
8088	1
8089	1
8090	2
8091	1
8098	1
8101	1
8104	2
8109	1
8110	1
8113	1
8114	1
8115	1
8116	1
8117	1
8119	2
8121	1
8124	1
8130	1
8132	1
8134	1
8139	1
8140	1
8142	1
8158	1
8164	1
8177	1
8181	1
8189	1
8193	1
8199	1
8200	1
8201	3
8203	1
8206	1
8207	2
8208	1
8210	2
8213	1
8218	1
8222	2
8224	2
8225	3
8227	1
8229	1
8231	2
8237	1
8239	1
8240	1
8242	1
8244	2
8245	2
8246	1
8252	1
8253	1
8256	3
8257	3
8259	2
8261	1
8264	1
8265	1
8270	1
8272	1
8273	1
8275	1
8276	1
8277	1
8278	1
8281	1
8284	1
8296	1
8297	2
8298	1
8299	1
8300	2
8303	1
8304	1
8305	1
8306	2
8308	1
8309	1
8313	2
8314	2
8318	1
8320	2
8323	1
8324	1
8329	1
8338	1
8341	1
8342	2
8343	1
8344	1
8345	1
8346	1
8347	1
8348	1
8355	1
8357	2
8363	1
8366	1
8367	1
8373	1
8374	1
8378	1
8385	1
8389	4
8390	1
8391	2
8396	1
8397	1
8400	1
8407	1
8408	1
8412	1
8417	3
8418	1
8419	2
8423	2
8424	1
8430	1
8433	1
8435	2
8438	2
8439	1
8440	1
8446	1
8448	1
8451	1
8458	1
8459	1
8462	1
8465	1
8466	1
8468	1
8475	1
8477	1
8478	1
8479	1
8480	1
8482	1
8484	1
8487	1
8489	2
8493	2
8496	1
8498	1
8501	1
8502	1
8504	1
8507	1
8508	1
8509	1
8510	2
8512	1
8516	1
8518	1
8521	1
8523	1
8526	1
8537	2
8538	1
8540	1
8545	1
8551	1
8553	1
8554	1
8557	1
8560	2
8561	1
8567	1
8568	1
8569	3
8570	1
8574	1
8577	1
8578	2
8584	1
8588	1
8590	1
8595	1
8600	1
8608	1
8609	1
8614	1
8619	2
8621	1
8625	1
8627	2
8629	1
8630	1
8633	1
8636	1
8637	1
8639	1
8641	1
8643	2
8644	1
8646	3
8647	1
8656	1
8660	1
8665	4
8666	2
8667	1
8668	1
8671	3
8678	1
8680	1
8682	1
8683	2
8685	1
8690	2
8697	1
8701	1
8702	2
8703	1
8705	2
8708	1
8709	1
8713	1
8716	1
8723	1
8724	2
8726	2
8727	2
8729	1
8732	1
8733	2
8736	1
8738	1
8740	1
8741	1
8745	1
8750	1
8754	1
8755	1
8764	1
8765	1
8767	1
8769	1
8774	1
8777	3
8780	2
8783	1
8784	1
8785	1
8786	1
8791	1
8800	1
8803	1
8806	1
8811	1
8815	2
8817	1
8821	2
8822	1
8823	1
8826	2
8831	1
8836	3
8838	2
8839	1
8840	1
8842	1
8844	1
8846	1
8847	1
8848	1
8849	1
8859	1
8860	1
8866	1
8867	3
8868	1
8871	2
8874	1
8875	1
8876	1
8878	1
8880	2
8883	1
8888	1
8897	1
8905	1
8906	2
8907	1
8910	1
8911	2
8914	1
8918	2
8919	3
8923	1
8925	1
8926	1
8927	1
8928	2
8930	1
8933	1
8939	1
8941	1
8945	1
8947	2
8950	2
8953	1
8954	1
8960	1
8961	3
8966	3
8973	1
8974	1
8975	1
8977	2
8979	1
8981	1
8982	1
8983	1
8984	2
8985	1
8989	3
8991	1
8994	1
8997	1
8998	1
9001	1
9003	1
9007	1
9008	1
9010	1
9020	2
9022	1
9023	1
9028	1
9029	1
9032	1
9033	1
9036	1
9037	1
9042	1
9044	1
9045	1
9047	1
9050	1
9051	1
9053	1
9058	1
9066	2
9067	1
9072	1
9074	1
9075	1
9078	2
9079	1
9082	4
9084	1
9085	1
9093	3
9095	2
9097	1
9098	2
9100	3
9104	2
9105	1
9106	2
9122	1
9124	3
9127	1
9130	1
9132	1
9133	1
9143	1
9144	1
9146	2
9153	2
9154	1
9157	2
9158	1
9159	1
9162	1
9163	1
9167	1
9168	2
9170	1
9175	1
9176	1
9177	1
9188	2
9190	1
9193	2
9196	1
9197	1
9199	1
9201	1
9202	1
9203	1
9204	1
9205	1
9206	2
9207	1
9210	1
9213	1
9216	2
9217	1
9218	1
9219	1
9225	3
9231	1
9232	1
9234	2
9237	1
9240	1
9241	1
9246	1
9250	1
9251	1
9257	1
9262	2
9277	1
9278	2
9285	3
9289	1
9292	1
9300	1
9302	2
9303	2
9307	1
9309	2
9311	1
9314	2
9316	2
9319	1
9320	2
9325	1
9326	1
9328	1
9330	1
9334	1
9337	1
9342	2
9346	1
9349	1
9359	1
9362	1
9365	1
9372	2
9376	1
9382	1
9383	1
9389	2
9390	1
9402	1
9404	1
9409	1
9415	1
9416	1
9421	1
9422	1
9423	1
9444	1
9448	1
9449	1
9451	1
9455	2
9456	1
9458	1
9459	1
9463	2
9464	1
9465	1
9467	1
9468	1
9473	1
9476	1
9483	1
9486	1
9489	1
9493	1
9494	1
9496	1
9498	3
9504	1
9507	1
9513	1
9514	1
9516	1
9521	1
9523	2
9524	1
9531	1
9532	1
9535	1
9542	2
9543	1
9544	2
9548	2
9549	1
9550	1
9551	1
9553	2
9556	1
9560	2
9561	1
9563	1
9564	2
9568	1
9569	1
9573	1
9586	1
9590	2
9591	1
9593	1
9594	1
9595	1
9598	3
9600	2
9601	1
9605	1
9607	1
9609	1
9610	1
9613	1
9615	4
9619	1
9621	1
9622	1
9624	1
9625	1
9626	1
9629	1
9632	1
9633	1
9636	1
9637	1
9642	1
9644	1
9646	1
9656	1
9662	2
9664	1
9666	1
9672	2
9674	1
9677	1
9679	1
9686	1
9689	1
9690	2
9692	2
9694	1
9698	1
9701	1
9704	1
9708	1
9709	1
9717	1
9720	1
9723	1
9724	1
9726	1
9727	1
9728	2
9733	1
9734	1
9735	1
9740	1
9741	1
9743	1
9744	1
9747	2
9748	1
9751	1
9752	1
9758	1
9762	1
9764	1
9765	1
9767	1
9768	1
9771	2
9778	1
9780	2
9781	1
9782	3
9791	1
9799	1
9801	1
9802	1
9804	1
9808	1
9810	1
9811	1
9813	1
9817	1
9818	2
9822	1
9824	1
9825	1
9826	1
9827	1
9829	2
9830	1
9832	1
9834	1
9839	1
9843	2
9847	2
9850	1
9851	1
9855	1
9856	2
9858	1
9860	1
9861	1
9864	1
9865	2
9871	1
9872	1
9873	2
9877	2
9880	3
9882	1
9887	2
9888	1
9893	1
9905	1
9906	1
9907	1
9908	2
9909	2
9911	1
9914	2
9915	1
9924	1
9930	1
9934	3
9935	1
9936	1
9939	1
9944	2
9947	1
9953	1
9954	2
9963	1
9964	1
9967	2
9977	1
9990	3
9991	1
9993	1
9995	1
9996	2
9998	1
10000	1
10004	1
10008	2
10021	1
10026	1
10030	1
10032	2
10035	1
10037	1
10042	1
10043	1
10050	1
10052	1
10055	2
10061	2
10064	1
10066	1
10071	1
10072	1
10073	1
10074	1
10076	1
10077	1
10079	1
10084	2
10086	1
10088	2
10091	1
10095	3
10098	1
10101	1
10102	1
10111	1
10114	1
10118	2
10121	1
10122	1
10124	1
10130	2
10132	1
10133	1
10136	1
10138	1
10141	1
10144	2
10145	1
10146	1
10148	1
10150	1
10154	1
10156	2
10158	2
10163	1
10170	1
10175	2
10180	2
10181	1
10183	1
10184	1
10185	1
10186	1
10190	1
10198	1
10200	1
10202	1
10205	2
10226	1
10228	1
10230	1
10235	1
10237	2
10244	2
10249	1
10254	5
10257	3
10263	1
10266	2
10268	1
10272	1
10274	1
10275	1
10276	2
10277	1
10278	1
10279	1
10284	2
10287	1
10295	1
10296	1
10300	1
10308	1
10311	1
10312	1
10315	1
10317	1
10319	1
10324	1
10334	1
10341	1
10343	2
10346	1
10350	1
10355	1
10356	2
10359	2
10361	1
10362	1
10368	1
10369	1
10371	1
10374	1
10376	3
10377	2
10378	1
10379	1
10381	2
10382	2
10387	1
10389	1
10390	1
10393	1
10397	1
10398	1
10406	1
10408	1
10409	1
10413	2
10414	2
10423	1
10425	1
10426	1
10428	1
10432	1
10433	1
10434	1
10438	1
10440	1
10443	1
10445	1
10449	1
10453	1
10456	4
10460	1
10461	3
10464	1
10467	1
10469	1
10470	1
10479	2
10481	2
10482	2
10484	1
10486	1
10488	2
10489	1
10491	1
10493	1
10496	1
10499	1
10500	1
10501	1
10502	1
10503	1
10505	1
10508	1
10510	1
10511	1
10512	2
10513	1
10518	1
10522	3
10526	1
10527	1
10529	2
10531	1
10534	1
10536	1
10537	3
10539	1
10541	1
10544	2
10549	1
10552	3
10557	2
10558	1
10559	1
10560	2
10564	1
10570	1
10579	1
10580	1
10589	1
10590	1
10594	1
10595	3
10596	1
10597	1
10601	1
10605	1
10607	1
10609	1
10610	1
10612	2
10615	2
10617	1
10621	2
10622	2
10625	2
10629	1
10630	1
10631	1
10633	2
10636	1
10637	1
10638	1
10639	2
10640	1
10642	1
10644	1
10645	2
10646	1
10647	1
10648	1
10649	1
10651	1
10652	1
10653	1
10654	1
10658	1
10661	2
10662	1
10673	3
10674	1
10678	4
10679	2
10681	1
10682	1
10685	1
10690	1
10691	1
10693	1
10696	1
10698	1
10699	1
10700	2
10701	1
10702	1
10703	1
10707	2
10710	1
10711	1
10714	1
10715	1
10717	1
10718	1
10723	3
10724	1
10726	2
10732	1
10733	1
10735	1
10737	1
10741	2
10747	1
10749	1
10751	1
10754	2
10760	1
10763	1
10765	1
10770	1
10771	1
10775	3
10777	1
10779	1
10780	1
10790	1
10793	1
10802	2
10806	1
10814	1
10818	1
10820	1
10823	1
10825	1
10826	1
10827	1
10828	1
10832	1
10834	1
10839	1
10841	1
10846	3
10849	1
10854	3
10855	1
10858	3
10863	1
10865	2
10868	2
10872	1
10874	1
10876	1
10877	2
10880	1
10883	1
10889	1
10890	1
10895	1
10897	1
10898	3
10899	1
10904	1
10905	1
10906	2
10908	1
10909	1
10916	1
10918	1
10921	2
10924	2
10928	1
10931	1
10934	2
10935	2
10936	2
10941	1
10951	2
10953	1
10962	1
10964	1
10966	1
10974	1
10975	1
10979	1
10981	1
10985	2
10986	1
10990	3
10993	1
10996	1
10997	1
11000	3
11003	1
11005	1
11021	1
11025	1
11028	1
11030	3
11032	1
11033	1
11036	1
11037	1
11041	2
11044	1
11049	1
11055	3
11056	1
11058	1
11062	1
11071	1
11073	1
11077	1
11083	1
11084	1
11085	1
11088	1
11090	3
11092	3
11094	1
11097	1
11105	1
11107	1
11109	1
11110	1
11119	1
11123	1
11128	1
11130	1
11131	2
11135	1
11139	1
11146	1
11158	1
11164	1
11165	1
11167	1
11169	1
11170	1
11181	1
11182	1
11185	1
11198	1
11199	1
11203	1
11208	1
11210	1
11212	1
11215	2
11219	1
11222	1
11228	1
11229	1
11230	1
11232	1
11244	1
11250	1
11255	2
11256	1
11260	1
11262	1
11268	1
11270	1
11273	2
11278	1
11284	1
11286	1
11290	1
11294	1
11297	1
11298	1
11306	1
11307	2
11309	1
11315	3
11317	2
11322	1
11325	1
11329	1
11341	1
11343	1
11345	1
11346	1
11347	1
11357	1
11366	1
11368	1
11373	1
11375	1
11376	1
11380	2
11385	2
11386	1
11396	1
11399	1
11400	1
11401	1
11404	1
11405	1
11411	1
11414	1
11420	1
11428	2
11438	2
11442	1
11443	1
11449	1
11454	1
11455	1
11457	1
11459	1
11465	1
11466	1
11468	2
11484	1
11486	3
11501	1
11507	1
11510	1
11516	1
11519	1
11527	1
11529	1
11530	1
11539	1
11547	1
11550	1
11552	1
11555	1
11556	3
11560	1
11561	1
11564	1
11566	1
11568	1
11570	1
11580	2
11598	2
11600	1
11602	1
11604	2
11611	2
11612	2
11613	1
11617	2
11626	1
11632	1
11633	1
11639	1
11660	1
11662	1
11665	2
11671	1
11675	1
11676	1
11680	1
11681	1
11684	1
11685	1
11689	1
11700	2
11712	1
11716	1
11721	1
11724	1
11725	1
11727	1
11730	1
11734	1
11738	1
11740	1
11752	1
11755	2
11756	1
11760	1
11761	1
11771	1
11777	1
11779	1
11784	1
11785	1
11792	1
11794	1
11802	1
11806	1
11808	1
11814	1
11817	1
11821	1
11826	2
11837	1
11838	2
11841	1
11844	1
11846	1
11850	1
11851	2
11854	1
11860	1
11862	2
11870	1
11873	1
11874	1
11875	1
11878	1
11884	1
11890	1
11902	1
11903	2
11904	1
11906	1
11908	1
11909	1
11915	1
11916	1
11917	1
11918	1
11921	1
11924	2
11927	2
11930	2
11943	1
11946	1
11947	2
11949	1
11950	1
11958	1
11961	1
11967	1
11973	1
11977	1
11978	1
11979	1
11983	1
11984	1
11989	1
11990	1
11992	1
11996	1
11998	1
12000	1
12013	1
12014	1
12026	2
12035	1
12038	2
12045	1
12047	1
12053	1
12055	1
12058	1
12059	1
12065	1
12067	1
12071	2
12077	1
12079	2
12104	1
12105	2
12113	3
12116	1
12119	1
12122	1
12136	1
12138	1
12142	1
12146	1
12147	1
12154	1
12160	1
12164	1
12168	1
12171	1
12181	1
12183	1
12186	1
12193	2
12195	2
12201	1
12207	1
12211	1
12234	1
12240	1
12241	2
12244	1
12245	1
12250	1
12251	1
12258	1
12269	1
12272	1
12273	1
12280	1
12282	2
12285	2
12290	1
12291	1
12297	1
12298	1
12303	1
12305	1
12307	1
12308	1
12313	1
12317	1
12329	1
12332	1
12344	1
12345	1
12346	1
12349	1
12361	2
12365	2
12367	1
12371	1
12372	2
12375	1
12377	1
12379	1
12382	1
12385	1
12389	1
12395	1
12398	1
12408	1
12411	1
12413	1
12414	1
12418	1
12420	1
12440	1
12450	1
12455	1
12456	1
12458	2
12483	1
12485	1
12486	2
12495	2
12496	1
12501	1
12515	1
12517	1
12526	1
12527	1
12528	2
12540	1
12549	1
12557	1
12563	1
12569	1
12572	1
12577	1
12579	1
12580	1
12586	1
12590	1
12599	1
12603	1
12607	2
12608	1
12609	1
12615	1
12617	1
12618	1
12620	1
12632	2
12635	1
12661	1
12662	1
12668	1
12670	1
12672	1
12674	1
12675	2
12678	1
12682	1
12683	1
12687	1
12694	1
12697	1
12703	1
12712	1
12717	1
12718	2
12721	1
12724	1
12727	1
12729	1
12732	1
12733	1
12758	1
12762	1
12771	1
12772	1
12774	1
12782	1
12794	1
12798	1
12804	1
12805	1
12806	1
12808	1
12812	1
12820	1
12825	1
12834	2
12840	1
12842	1
12850	1
12856	1
12857	1
12860	1
12865	1
12874	1
12882	1
12890	1
12893	2
12896	2
12903	1
12909	1
12910	1
12918	1
12920	1
12924	1
12927	1
12936	1
12940	1
12954	1
12958	1
12968	1
12972	1
12974	1
12981	1
12991	1
12997	2
12999	1
13000	1
13004	1
13008	1
13017	1
13021	1
13024	1
13030	1
13032	1
13034	1
13050	1
13055	1
13060	2
13062	1
13063	1
13068	1
13076	1
13077	1
13079	1
13082	1
13083	1
13087	1
13089	1
13090	1
13096	2
13098	2
13108	1
13111	2
13118	1
13121	1
13123	1
13133	1
13136	1
13141	1
13152	1
13155	1
13166	2
13173	1
13177	1
13181	1
13185	1
13192	1
13205	1
13212	1
13218	1
13225	1
13226	2
13236	1
13241	1
13248	1
13254	1
13262	1
13264	1
13269	1
13278	1
13283	1
13284	2
13296	1
13297	1
13313	1
13316	1
13319	1
13320	1
13323	1
13340	1
13346	2
13355	1
13356	2
13363	1
13373	1
13374	1
13376	2
13377	1
13378	1
13383	1
13395	1
13415	1
13423	1
13434	1
13445	1
13449	1
13457	1
13458	2
13468	1
13474	1
13478	1
13487	1
13499	2
13514	1
13534	2
13552	1
13558	1
13582	3
13587	1
13610	3
13613	2
13614	1
13627	1
13629	1
13641	1
13646	1
13647	1
13648	1
13650	1
13652	1
13668	1
13671	1
13681	1
13683	1
13694	1
13700	1
13702	2
13703	1
13704	1
13719	1
13722	1
13725	1
13726	2
13736	3
13737	1
13739	1
13741	1
13743	1
13747	1
13757	2
13761	1
13775	1
13782	1
13785	1
13786	1
13790	1
13795	1
13809	1
13816	1
13830	1
13842	1
13864	1
13870	1
13888	1
13891	1
13898	1
13900	1
13906	1
13919	1
13927	2
13941	1
13945	1
13950	1
13954	1
13957	1
13963	1
13968	1
13980	1
13982	1
13986	1
13998	2
14009	1
14014	1
14021	1
14040	1
14048	1
14050	1
14060	1
14064	1
14065	1
14066	1
14071	1
14083	1
14128	1
14131	1
14139	1
14140	1
14144	1
14150	1
14153	1
14159	1
14171	1
14172	1
14184	1
14200	1
14217	2
14220	1
14222	1
14224	2
14227	1
14230	1
14236	1
14237	1
14242	2
14244	1
14245	1
14247	1
14249	2
14251	1
14263	1
14266	1
14267	1
14269	2
14276	2
14277	1
14278	1
14287	1
14290	2
14313	2
14314	1
14316	1
14320	1
14321	2
14323	1
14325	1
14340	1
14349	1
14358	1
14362	1
14365	1
14366	1
14381	2
14385	1
14410	1
14426	1
14437	1
14440	1
14444	1
14456	1
14459	1
14466	1
14467	1
14473	1
14498	1
14499	1
14503	1
14508	1
14513	1
14515	1
14532	1
14534	1
14540	1
14544	1
14545	1
14546	1
14547	1
14550	1
14565	1
14566	2
14580	2
14587	1
14594	1
14601	1
14612	1
14617	1
14620	1
14621	1
14634	1
14641	1
14651	1
14657	1
14664	1
14671	1
14677	1
14703	1
14714	1
14740	1
14742	1
14746	1
14747	1
14751	1
14757	1
14770	1
14775	1
14776	1
14782	1
14786	1
14788	1
14791	1
14793	1
14805	1
14816	1
14818	1
14826	1
14827	1
14843	1
14846	2
14851	2
14855	1
14863	1
14867	1
14874	2
14877	1
14878	1
14882	1
14885	1
14887	1
14894	1
14896	1
14905	1
14906	1
14917	2
14919	1
14920	1
14933	1
14943	1
14945	1
14956	1
14957	1
14960	1
14981	1
14982	2
14995	2
14996	1
14998	1
15001	1
15003	1
15010	1
15017	2
15027	1
15029	2
15036	1
15046	1
15056	1
15060	2
15067	2
15068	1
15071	3
15079	1
15102	1
15109	1
15137	1
15156	2
15165	1
15167	1
15170	1
15182	1
15183	1
15201	1
15215	1
15230	2
15249	1
15254	1
15261	1
15263	1
15265	1
15273	1
15286	2
15288	1
15289	1
15296	1
15299	1
15322	1
15329	1
15346	1
15357	2
15376	1
15379	1
15380	1
15382	3
15387	1
15393	1
15397	1
15398	1
15400	1
15402	1
15433	1
15437	1
15445	1
15446	1
15451	1
15453	1
15457	1
15458	1
15462	1
15483	1
15491	1
15496	1
15500	1
15512	1
15542	1
15567	1
15598	1
15601	1
15606	1
15615	1
15618	1
15621	1
15623	1
15628	1
15646	1
15652	1
15659	1
15668	1
15669	1
15670	1
15674	1
15676	1
15685	1
15692	1
15697	1
15699	2
15716	2
15730	1
15741	1
15750	1
15752	1
15781	1
15800	1
15805	2
15809	1
15814	1
15826	1
15834	1
15855	1
15856	1
15863	1
15875	1
15920	1
15923	1
15925	1
15927	1
15938	1
15944	1
15947	1
15960	1
15965	1
15967	1
15968	1
15991	1
16025	1
16033	1
16036	1
16038	1
16043	2
16059	1
16067	1
16074	1
16088	1
16093	1
16099	1
16106	1
16110	1
16114	2
16138	2
16144	1
16155	1
16163	1
16190	2
16194	1
16196	1
16211	1
16215	1
16221	1
16230	1
16232	1
16233	1
16234	1
16235	1
16239	1
16257	2
16264	1
16293	1
16304	2
16306	1
16335	1
16336	1
16341	1
16344	1
16360	1
16365	1
16395	2
16407	1
16429	2
16441	1
16443	1
16444	1
16450	1
16452	1
16453	2
16459	2
16464	2
16469	1
16473	1
16479	1
16517	1
16522	1
16530	1
16548	1
16551	2
16552	2
16576	1
16577	1
16593	1
16610	1
16618	1
16630	1
16638	1
16642	1
16643	1
16644	1
16666	1
16668	1
16680	1
16690	1
16691	1
16695	1
16703	1
16714	1
16731	1
16753	2
16765	1
16793	1
16797	1
16821	1
16827	1
16828	1
16836	1
16868	1
16869	1
16878	1
16881	1
16886	1
16894	1
16896	2
16919	1
16957	1
16958	1
16964	1
16967	1
16968	1
16972	1
16973	1
16993	1
16995	1
17016	2
17027	1
17028	1
17031	1
17042	1
17046	1
17054	1
17055	1
17057	1
17083	1
17085	2
17091	1
17106	1
17111	2
17122	2
17125	1
17162	1
17166	1
17175	1
17191	1
17208	1
17230	1
17236	1
17254	1
17255	1
17259	1
17263	1
17266	1
17289	1
17305	1
17311	1
17320	1
17325	1
17327	1
17341	1
17388	1
17409	1
17412	1
17437	1
17439	1
17444	1
17449	1
17462	2
17469	1
17488	1
17496	1
17507	1
17526	1
17528	1
17529	1
17538	1
17547	1
17572	1
17574	1
17618	1
17652	1
17675	1
17682	1
17698	1
17713	1
17717	1
17723	1
17725	1
17728	1
17741	1
17766	1
17770	1
17772	1
17773	1
17776	1
17792	1
17810	1
17837	1
17846	1
17855	2
17858	1
17862	1
17898	1
17903	1
17907	1
17914	1
17933	1
17961	1
17967	1
17984	1
17988	1
18000	1
18007	1
18040	1
18046	1
18054	1
18065	1
18093	1
18095	1
18105	1
18113	1
18116	1
18133	1
18143	2
18145	1
18204	1
18230	1
18268	1
18324	1
18329	3
18332	1
18335	1
18361	1
18373	1
18388	1
18399	1
18410	1
18416	1
18432	1
18435	1
18445	1
18446	1
18459	1
18460	1
18473	1
18477	1
18483	1
18484	1
18515	1
18544	1
18563	1
18564	1
18573	1
18602	1
18611	1
18636	1
18643	1
18669	1
18676	1
18680	1
18700	2
18721	1
18726	1
18727	1
18729	1
18731	1
18732	1
18745	1
18758	1
18765	1
18810	2
18822	1
18825	1
18827	1
18880	1
18881	1
18885	1
18887	1
18893	1
18904	1
18925	2
18936	1
18943	2
18961	1
18998	1
19004	1
19006	1
19019	1
19032	1
19053	1
19060	1
19064	1
19066	2
19076	1
19079	2
19084	1
19087	1
19110	1
19111	1
19116	1
19137	1
19158	2
19163	1
19178	1
19186	1
19187	1
19194	1
19220	1
19253	1
19276	1
19281	1
19284	1
19288	1
19302	2
19310	1
19345	1
19364	1
19379	1
19440	1
19454	1
19481	1
19491	1
19532	1
19551	1
19572	1
19574	1
19586	2
19615	1
19619	1
19621	2
19636	1
19652	1
19653	1
19660	1
19688	1
19714	1
19775	1
19803	2
19823	1
19824	1
19834	1
19837	1
19844	1
19851	1
19855	1
19856	1
19890	1
19903	1
19912	1
19961	1
19980	1
19981	1
20029	1
20046	1
20078	1
20079	1
20099	1
20116	1
20124	1
20143	2
20156	1
20161	1
20187	1
20200	1
20258	1
20259	1
20276	1
20297	1
20298	1
20316	1
20328	1
20345	1
20357	1
20377	1
20416	1
20418	1
20445	1
20468	1
20475	1
20484	1
20485	2
20550	1
20559	1
20568	1
20573	1
20580	1
20593	1
20597	1
20615	1
20622	1
20638	1
20648	1
20668	1
20669	1
20673	1
20710	1
20719	1
20721	1
20723	1
20739	1
20755	1
20763	1
20764	1
20782	2
20811	1
20832	1
20875	1
20880	1
20890	1
20920	1
20935	1
20949	1
20960	1
20968	1
20972	1
20988	1
21008	1
21019	1
21030	1
21057	1
21067	1
21071	1
21096	1
21122	2
21149	1
21150	1
21165	1
21167	1
21176	1
21189	1
21200	1
21206	1
21240	1
21245	1
21246	1
21272	1
21293	1
21313	1
21420	1
21425	1
21428	1
21436	1
21438	1
21481	2
21483	1
21486	2
21487	1
21568	1
21581	1
21635	1
21689	1
21704	1
21720	1
21771	1
21798	1
21821	1
21872	1
21884	1
21885	1
21894	1
21903	1
21904	1
21926	2
21977	1
21993	1
21999	1
22006	1
22017	1
22035	1
22043	1
22098	1
22102	1
22117	1
22145	1
22170	1
22248	1
22295	1
22300	1
22331	1
22379	1
22392	1
22450	1
22504	1
22519	1
22529	1
22535	2
22537	1
22543	1
22550	1
22608	1
22678	1
22714	1
22740	1
22748	1
22751	1
22802	1
22853	1
22857	1
22867	1
22868	3
22870	1
22872	1
22878	1
22903	1
22940	1
22941	1
22956	1
23020	1
23033	1
23075	1
23080	1
23095	1
23129	2
23136	1
23140	1
23159	1
23161	1
23167	1
23184	1
23238	1
23249	1
23250	1
23253	1
23256	1
23277	1
23299	1
23324	1
23384	1
23413	1
23416	1
23422	1
23426	1
23440	1
23452	1
23464	1
23493	1
23496	1
23544	1
23557	1
23571	1
23580	1
23605	1
23608	1
23625	1
23631	1
23640	1
23644	1
23662	1
23673	2
23728	1
23734	1
23755	1
23761	1
23838	1
23849	1
23854	1
23927	1
23999	1
24023	1
24041	1
24086	1
24088	1
24116	1
24127	1
24160	1
24213	1
24214	1
24247	1
24249	1
24254	1
24267	1
24275	2
24284	1
24293	1
24297	1
24336	1
24346	1
24372	1
24503	1
24551	1
24579	1
24607	1
24616	1
24630	1
24645	1
24667	1
24677	1
24679	1
24683	2
24684	1
24687	1
24707	1
24714	1
24725	1
24745	1
24752	1
24753	1
24787	1
24789	1
24790	1
24822	1
24864	1
24876	1
24911	1
24912	1
24931	1
24960	2
24995	1
25014	1
25026	1
25045	1
25073	1
25085	1
25089	1
25117	1
25167	1
25168	2
25200	1
25252	1
25257	1
25258	1
25259	2
25261	1
25298	1
25316	1
25318	1
25337	1
25340	1
25367	1
25406	1
25450	1
25475	1
25504	1
25532	1
25571	1
25573	1
25607	1
25619	1
25626	1
25627	2
25634	1
25647	1
25693	1
25733	1
25788	1
25819	2
25830	1
25839	2
25846	1
25885	1
25919	1
25926	1
25938	1
25950	1
25975	1
26067	1
26069	1
26123	1
26159	1
26162	1
26166	1
26185	1
26190	2
26206	1
26252	1
26253	1
26267	2
26289	1
26292	1
26305	1
26361	1
26370	1
26378	1
26381	3
26387	2
26414	1
26437	1
26446	1
26494	1
26500	1
26569	1
26588	1
26591	1
26598	1
26693	1
26697	1
26721	1
26760	2
26774	1
26796	1
26821	2
26855	1
26880	1
26885	2
26891	2
26948	2
26956	1
26976	1
26998	1
27006	1
27044	2
27059	1
27142	1
27179	1
27194	1
27197	1
27237	1
27301	1
27308	1
27333	1
27341	1
27344	1
27346	1
27377	1
27441	1
27445	1
27461	1
27469	1
27514	1
27533	1
27573	1
27574	1
27575	1
27622	1
27675	1
27718	1
27731	1
27757	1
27783	1
27907	1
27908	1
27912	1
27914	1
27939	1
27970	1
27979	1
28045	1
28052	1
28084	1
28102	2
28136	1
28139	1
28174	1
28286	1
28289	1
28293	1
28306	1
28313	1
28332	1
28414	1
28417	1
28434	1
28452	2
28506	1
28556	1
28703	1
28765	1
28776	1
28792	1
28843	1
28856	1
28874	1
28883	1
28942	1
28952	1
28960	1
28961	1
28995	1
29051	1
29169	1
29278	1
29316	1
29349	1
29433	1
29487	1
29523	2
29526	1
29541	1
29594	1
29648	1
29661	1
29662	1
29698	1
29774	2
29795	1
29797	1
29919	1
29922	1
29938	1
29945	1
29949	1
29965	1
29987	1
30025	1
30088	1
30133	1
30147	1
30172	1
30261	1
30273	1
30282	1
30292	1
30316	1
30418	1
30444	1
30503	1
30523	1
30571	1
30574	1
30781	1
30790	1
30796	1
30843	1
30864	1
30877	1
30878	1
30881	1
30913	1
30968	1
30989	1
31071	1
31077	1
31142	1
31196	1
31238	2
31275	1
31314	1
31384	1
31404	1
31492	2
31526	1
31584	1
31717	1
31767	1
31773	1
31815	1
31826	1
31845	1
31948	2
31975	1
32029	1
32088	1
32131	1
32161	1
32182	2
32201	1
32211	1
32216	1
32320	1
32380	1
32466	1
32487	1
32516	1
32597	1
32701	1
32703	1
32704	1
32888	1
32906	1
32967	1
33152	1
33417	1
33527	1
33650	1
33659	1
33681	1
33684	1
33708	1
33762	1
33815	2
33846	1
33876	1
33895	1
33902	1
34019	1
34031	1
34084	1
34110	1
34123	1
34168	1
34306	1
34334	1
34482	1
34578	2
34594	1
34609	1
34759	1
34768	2
34829	1
34989	1
35070	1
35104	1
35152	1
35186	1
35226	1
35247	1
35251	1
35400	1
35409	1
35448	1
35486	1
35546	1
35571	1
35580	1
35593	1
35655	1
35685	1
35690	1
35790	1
35826	1
35853	1
35913	1
35923	1
35926	1
35930	1
35939	1
36012	1
36015	1
36024	1
36052	1
36077	1
36087	1
36095	1
36102	1
36231	1
36337	1
36454	1
36534	1
36685	1
36696	1
36845	1
36866	1
37044	1
37256	1
37325	1
37409	1
37574	1
37696	1
38269	1
38506	1
38631	1
38665	1
38727	2
38889	1
38931	1
38951	1
39030	1
39190	1
39195	1
39253	1
39361	1
39403	1
39444	1
39628	1
39642	1
39674	1
39713	1
39796	1
39830	1
39936	2
40101	1
40115	1
40171	1
40243	1
40248	1
40330	1
40435	1
40454	1
40461	1
40537	2
40656	1
40682	1
40715	1
40732	1
40741	1
40781	1
40813	1
40832	1
40833	1
41006	1
41052	1
41143	1
41496	1
41654	1
41847	1
41949	1
41986	1
42000	1
42023	1
42161	1
42173	1
42238	1
42273	1
42471	1
42608	1
42731	1
42806	1
42883	1
43159	1
43177	1
43597	1
43930	1
44124	1
44146	1
44430	1
44634	2
44675	1
44869	1
44922	1
44972	1
45167	1
45252	1
45275	1
45497	1
45697	1
45728	1
45730	1
45891	1
45965	1
46135	1
46199	1
46231	1
46237	1
46250	1
46430	1
46459	1
46526	1
46571	1
46965	1
47050	1
47314	1
47465	1
47626	1
47627	1
47707	1
47882	1
48222	1
48235	1
48569	1
48771	1
49446	1
49488	1
49735	1
49745	1
50104	1
50146	2
50152	1
50408	1
50547	1
50756	1
50823	2
50946	1
50995	1
51128	1
51151	1
51414	1
51621	1
52190	1
52373	1
52524	2
52622	1
52901	1
52905	1
52906	1
53107	1
53311	1
53598	1
53904	1
54004	1
54123	2
54248	1
54981	1
55466	1
55692	1
55849	1
56597	1
56604	1
56895	1
56936	1
57290	1
57306	2
57607	1
57754	1
58161	1
59413	1
59613	1
59708	1
59785	1
60109	1
60296	1
60652	1
60709	1
60755	1
60880	1
60888	1
60898	1
61525	1
61767	1
61806	1
62215	1
62532	1
62636	1
62651	1
62784	1
62872	1
62992	1
63038	1
63490	1
63539	1
63563	1
64336	1
64860	1
65076	1
65445	1
65477	1
65499	1
66207	1
66696	1
67121	1
68299	1
68463	1
68524	1
68588	1
68811	1
69250	1
69286	1
69318	1
70085	1
70313	1
70985	1
71879	1
72927	1
72959	1
73377	1
73590	1
74283	1
75935	1
75960	1
76169	1
76779	1
77745	1
77967	1
78150	1
78608	1
78806	1
78842	2
81005	1
81460	1
81700	1
81840	1
82106	1
82295	1
82313	1
84189	1
84217	1
84777	1
86474	1
86693	1
86866	1
87798	1
88233	1
88240	1
89832	1
89882	1
90124	1
91001	1
91576	1
91770	2
95005	1
96586	2
97169	1
98281	1
98312	1
98898	1
100079	2
101150	1
101978	1
103047	1
103879	1
108974	1
109099	1
109811	1
110781	1
111600	1
112555	1
112968	1
113165	1
115812	2
117516	2
118173	1
118482	1
118740	2
120519	1
120730	1
121195	1
121820	1
124537	1
125007	1
126509	1
128073	1
129183	1
130017	1
132702	1
134616	1
139453	1
141728	1
144331	1
145609	1
146386	2
156739	1
160473	1
164885	1
167417	1
167429	1
168826	1
171396	1
186214	1
187597	1
194998	1
195983	1
207786	1
210061	1
222624	1
226624	2
229351	1
229499	1
230885	1
235833	1
292249	1
293162	1
295111	1
298879	2
361043	1
